start,end,F0semitoneFrom27.5Hz_sma3nz_amean,F0semitoneFrom27.5Hz_sma3nz_stddevNorm,F0semitoneFrom27.5Hz_sma3nz_percentile20.0,F0semitoneFrom27.5Hz_sma3nz_percentile50.0,F0semitoneFrom27.5Hz_sma3nz_percentile80.0,F0semitoneFrom27.5Hz_sma3nz_pctlrange0-2,F0semitoneFrom27.5Hz_sma3nz_meanRisingSlope,F0semitoneFrom27.5Hz_sma3nz_stddevRisingSlope,F0semitoneFrom27.5Hz_sma3nz_meanFallingSlope,F0semitoneFrom27.5Hz_sma3nz_stddevFallingSlope,loudness_sma3_amean,loudness_sma3_stddevNorm,loudness_sma3_percentile20.0,loudness_sma3_percentile50.0,loudness_sma3_percentile80.0,loudness_sma3_pctlrange0-2,loudness_sma3_meanRisingSlope,loudness_sma3_stddevRisingSlope,loudness_sma3_meanFallingSlope,loudness_sma3_stddevFallingSlope,spectralFlux_sma3_amean,spectralFlux_sma3_stddevNorm,mfcc1_sma3_amean,mfcc1_sma3_stddevNorm,mfcc2_sma3_amean,mfcc2_sma3_stddevNorm,mfcc3_sma3_amean,mfcc3_sma3_stddevNorm,mfcc4_sma3_amean,mfcc4_sma3_stddevNorm,jitterLocal_sma3nz_amean,jitterLocal_sma3nz_stddevNorm,shimmerLocaldB_sma3nz_amean,shimmerLocaldB_sma3nz_stddevNorm,HNRdBACF_sma3nz_amean,HNRdBACF_sma3nz_stddevNorm,logRelF0-H1-H2_sma3nz_amean,logRelF0-H1-H2_sma3nz_stddevNorm,logRelF0-H1-A3_sma3nz_amean,logRelF0-H1-A3_sma3nz_stddevNorm,F1frequency_sma3nz_amean,F1frequency_sma3nz_stddevNorm,F1bandwidth_sma3nz_amean,F1bandwidth_sma3nz_stddevNorm,F1amplitudeLogRelF0_sma3nz_amean,F1amplitudeLogRelF0_sma3nz_stddevNorm,F2frequency_sma3nz_amean,F2frequency_sma3nz_stddevNorm,F2bandwidth_sma3nz_amean,F2bandwidth_sma3nz_stddevNorm,F2amplitudeLogRelF0_sma3nz_amean,F2amplitudeLogRelF0_sma3nz_stddevNorm,F3frequency_sma3nz_amean,F3frequency_sma3nz_stddevNorm,F3bandwidth_sma3nz_amean,F3bandwidth_sma3nz_stddevNorm,F3amplitudeLogRelF0_sma3nz_amean,F3amplitudeLogRelF0_sma3nz_stddevNorm,alphaRatioV_sma3nz_amean,alphaRatioV_sma3nz_stddevNorm,hammarbergIndexV_sma3nz_amean,hammarbergIndexV_sma3nz_stddevNorm,slopeV0-500_sma3nz_amean,slopeV0-500_sma3nz_stddevNorm,slopeV500-1500_sma3nz_amean,slopeV500-1500_sma3nz_stddevNorm,spectralFluxV_sma3nz_amean,spectralFluxV_sma3nz_stddevNorm,mfcc1V_sma3nz_amean,mfcc1V_sma3nz_stddevNorm,mfcc2V_sma3nz_amean,mfcc2V_sma3nz_stddevNorm,mfcc3V_sma3nz_amean,mfcc3V_sma3nz_stddevNorm,mfcc4V_sma3nz_amean,mfcc4V_sma3nz_stddevNorm,alphaRatioUV_sma3nz_amean,hammarbergIndexUV_sma3nz_amean,slopeUV0-500_sma3nz_amean,slopeUV500-1500_sma3nz_amean,spectralFluxUV_sma3nz_amean,loudnessPeaksPerSec,VoicedSegmentsPerSec,MeanVoicedSegmentLengthSec,StddevVoicedSegmentLengthSec,MeanUnvoicedSegmentLength,StddevUnvoicedSegmentLength,equivalentSoundLevel_dBp,Part,Name,path,speech_ratio
0 days,0 days 00:00:09.045375,35.071415,0.10030617,32.886265,34.338158,36.938652,4.052387,64.703926,100.87159,80.94999,113.34854,0.3582257,0.9663349,0.026044197,0.28241327,0.6912743,0.6652301,6.667607,3.1315956,6.116965,3.4615548,0.14038558,1.2187176,23.046474,0.99972284,5.59365,2.353571,-3.6891873,-4.6673126,-12.069924,-1.4957165,0.014828879,1.3467656,0.9121524,1.0785478,9.228552,0.43358758,3.384267,3.2179358,34.373363,0.34521902,700.0645,0.256224,1377.635,0.16588597,-101.89172,-0.9143465,1780.6956,0.14291216,1061.7582,0.2636019,-107.717926,-0.78032583,2917.4504,0.08926668,940.65045,0.29489762,-112.65046,-0.70213574,-17.262028,-0.51743263,31.674437,0.36738527,0.07329426,0.27455047,-0.03313432,-0.54986006,0.21804856,0.73696333,39.325264,0.37275046,5.48016,2.844914,-4.055475,-5.1188016,-19.738888,-0.87171054,-3.628012,12.336179,0.04224032,0.011027852,0.0552628,3.1007752,2.4498887,0.20363635,0.1643042,0.2068421,0.36908212,-25.404879,voice_recordings,free_speech.wav,Trust-UBA-V2/dataset/37/voice_recordings/free_speech.wav,0.745579547417516
0 days,0 days 00:00:12.970687500,36.902733,0.07730957,34.698544,36.617077,38.806526,4.1079826,16.335669,11.445427,17.49923,13.02687,0.25779974,1.1882504,0.036895547,0.14052233,0.4379104,0.40101486,8.870042,13.756337,3.026792,2.2731938,0.07911731,1.8832977,19.785812,0.70377284,0.4607115,30.90149,15.102021,1.2025925,-1.8620825,-9.056068,0.015494761,1.1796547,1.0732533,0.8128852,9.85846,0.36930075,10.068021,1.3201625,18.337008,0.50947154,739.69446,0.3293003,1403.5426,0.26613146,-117.32421,-0.7583871,1775.9799,0.12759791,1073.7493,0.34645978,-112.9931,-0.75711304,2809.5063,0.10492012,1016.21075,0.48121318,-115.028854,-0.72431636,-13.910689,-0.6452807,23.240118,0.35465562,0.048153374,0.45553887,-0.0029485337,-5.346105,0.12498636,0.9008907,27.111923,0.42402866,0.8266263,20.265646,23.456533,0.8225133,-11.534535,-1.4089264,-5.8496385,16.14736,0.0064775925,0.023423051,0.033553604,2.006173,1.5491867,0.3125,0.20772277,0.36294118,0.45462027,-29.268236,voice_recordings,free_speech.wav,Trust-UBA-V2/dataset/11/voice_recordings/free_speech.wav,0.6744470678937985
0 days,0 days 00:00:18.297375,34.32221,0.13710997,32.01572,33.77045,36.60849,4.5927696,273.61456,370.20755,32.99884,20.046335,0.36569965,0.9047592,0.02076444,0.32748216,0.63622355,0.6154591,7.190404,3.7661164,4.5829444,3.3243468,0.13420354,1.1523174,25.397709,0.8837441,10.99134,1.4806399,5.515069,3.3558605,-3.8146455,-4.209439,0.021290483,1.9219866,0.9835585,1.0493126,9.546502,0.43262646,7.5570374,1.400876,33.994114,0.3503998,658.2121,0.27961174,1355.1488,0.16062313,-86.836426,-1.0356702,1747.2284,0.13919586,1077.5997,0.32447037,-94.7887,-0.8435371,2834.6746,0.074817,910.0264,0.33088946,-98.58044,-0.7807547,-21.578592,-0.45436743,32.924763,0.36035332,0.07273626,0.2732528,-0.027997416,-0.7313911,0.19148913,0.83375424,38.65187,0.36067003,15.683789,0.94849956,6.7715797,3.1379018,-6.182458,-2.7973256,-1.5913748,9.923522,0.07333729,0.0217867,0.04157179,3.0634575,2.0296216,0.2964865,0.2917905,0.21433333,0.33365333,-24.83809,voice_recordings,free_speech.wav,Trust-UBA-V2/dataset/10/voice_recordings/free_speech.wav,0.7666699686087779
0 days,0 days 00:00:21.248000,33.41894,0.17090546,30.132511,31.673782,34.337547,4.205036,483.24496,776.7209,33.18298,30.142311,0.42456198,0.9109821,0.11425083,0.30354604,0.65059614,0.5363453,8.57435,8.08839,4.5961413,3.222962,0.14812107,1.5699787,12.144027,1.5806128,8.090992,2.185445,-0.87268615,-20.562567,-0.017245516,-921.03235,0.016450703,1.3957955,0.8631939,0.9024936,8.661636,0.38456413,8.958031,1.0660796,30.95079,0.39654282,636.5555,0.3336588,1368.0409,0.17079921,-108.44246,-0.8814352,1700.9467,0.154563,1174.3931,0.291377,-111.972824,-0.7721692,2773.4243,0.095720604,895.13525,0.3589189,-114.04159,-0.73774105,-18.470757,-0.6403843,28.044592,0.38098395,0.050750203,0.44643337,-0.016800923,-1.4647369,0.25068426,1.1042435,27.33613,0.5090404,18.50361,0.92407006,4.2262797,5.2557344,-7.0878043,-2.4796011,4.173109,7.836664,0.027851488,0.03326251,0.04461289,1.9312295,1.5580736,0.31363636,0.32105708,0.32741934,0.46311682,-23.48326,voice_recordings,free_speech.wav,Trust-UBA-V2/dataset/43/voice_recordings/free_speech.wav,0.6641585800974801
0 days,0 days 00:00:23.381375,33.72969,0.18020914,31.223213,32.905403,36.4513,5.2280884,292.65292,367.02466,67.48326,72.44917,0.36647433,1.0095311,0.033345558,0.26754543,0.6725784,0.6392328,6.471199,4.6035013,4.447177,4.1900387,0.16717458,1.312185,37.903477,0.3794148,-5.983503,-3.2892954,18.311037,1.0602603,2.9073288,4.3768444,0.029847898,2.0122402,1.1386361,0.8572728,8.4895315,0.43129054,5.9358244,1.7852905,28.697086,0.48287052,690.478,0.29769212,1355.9205,0.18632936,-98.66688,-0.9211524,1774.4391,0.1266542,1037.0187,0.33694643,-102.40201,-0.8098721,2853.582,0.07553867,936.94836,0.31902373,-105.98427,-0.75108236,-19.432959,-0.5620248,30.497164,0.41165018,0.051024854,0.4532178,-0.025442949,-0.783189,0.2621813,0.9113618,46.544712,0.21344765,-1.525123,-12.859366,18.214231,1.1478564,-1.0430541,-11.928717,-6.9806733,14.943945,0.041822962,0.014098387,0.042939853,2.225075,2.1440823,0.25559998,0.23117232,0.20106381,0.26169035,-22.985151,voice_recordings,free_speech.wav,Trust-UBA-V2/dataset/12/voice_recordings/free_speech.wav,0.7431575964779565
0 days,0 days 00:00:27.648000,25.59888,0.2299018,22.722658,23.97509,26.412598,3.6899395,130.20926,167.37817,49.95601,45.028008,0.37873563,1.1199547,0.057892017,0.13932689,0.6815804,0.6236884,10.31922,6.728179,6.742202,5.4007764,0.13271682,1.4648288,16.788582,0.9575429,-3.6866534,-3.7333882,22.6529,1.0808815,-1.753483,-9.5799675,0.017013254,1.3376199,1.3032289,0.7793444,3.2889016,0.8381334,7.115811,1.3635764,5.446088,1.9331099,604.47644,0.4304103,1116.1069,0.2140294,-129.71921,-0.7025675,1712.2,0.18312491,666.2473,0.56328094,-130.71399,-0.66852915,2679.467,0.098352075,812.7716,0.30016065,-126.41726,-0.73027647,-5.317898,-1.6384557,7.7447863,1.1596128,0.024473906,0.8124462,-0.02550728,-0.9529675,0.27537262,0.77122265,32.915394,0.31055462,-9.257249,-1.8459569,41.30572,0.5934255,-8.307367,-2.8082783,-1.8413702,7.7607975,0.012256457,0.013874365,0.04494454,2.0267825,1.4503263,0.25375,0.24281359,0.41525,0.6155322,-28.182419,voice_recordings,free_speech.wav,Trust-UBA-V2/dataset/23/voice_recordings/free_speech.wav,0.5794283931667598
0 days,0 days 00:00:18.944000,24.443783,0.3073433,20.215412,21.955017,28.010193,7.7947807,408.12415,809.211,305.60754,359.55472,0.28002432,1.2177839,0.0128776925,0.08151155,0.58065695,0.56777924,7.1824636,5.6911716,6.928727,6.238412,0.08871726,1.5375762,13.548104,1.4136218,-2.8178942,-4.697528,8.265637,1.7977662,-2.332338,-5.9406624,0.018859545,1.7572719,1.1142855,0.96651953,3.8387182,0.72559065,3.1688945,2.1248915,17.830353,0.5570145,543.944,0.41754377,1293.3793,0.17539887,-134.06027,-0.69073147,1572.976,0.15942498,954.8118,0.32935894,-135.16643,-0.65140635,2602.59,0.08998275,904.3285,0.32942933,-136.33804,-0.63187844,-9.144838,-0.93620783,18.698847,0.5236027,0.04491623,0.5368523,-0.012919172,-1.5028995,0.18337747,0.87587285,31.899776,0.44561133,-5.130078,-2.8090763,9.891882,1.9615043,-3.262905,-4.895119,-0.22878699,8.356374,0.04001571,0.026975118,0.03952914,2.113048,1.5360171,0.21413793,0.21174997,0.40266666,0.5527262,-30.272732,voice_recordings,free_speech.wav,Trust-UBA-V2/dataset/40/voice_recordings/free_speech.wav,0.5625018558047924
0 days,0 days 00:00:15.872000,22.875507,0.104600295,22.470259,23.108477,24.152098,1.681839,139.02332,172.67448,55.247158,69.44024,0.32826784,0.8917059,0.09151912,0.21146235,0.56987303,0.47835392,8.203576,5.2706194,6.7476296,4.0616317,0.17554218,0.909709,22.00372,0.55122346,17.35383,0.69013506,21.804708,0.72189283,12.758794,1.3262278,0.019348398,1.3379445,1.4090272,0.5282843,1.6795489,1.0365741,2.459821,4.6586637,13.85905,0.6499208,506.4338,0.31600565,1197.0562,0.16336486,-170.31078,-0.40593326,1603.8284,0.16846307,898.23944,0.43839604,-172.81563,-0.36697796,2586.748,0.107209586,834.1343,0.4334186,-172.66518,-0.36887142,-15.487029,-0.3724236,20.850687,0.3130088,0.0023386755,9.207648,-0.03865453,-0.43525872,0.31043956,0.57254285,31.782848,0.22148927,5.294072,2.5269911,19.736431,0.96191597,-11.685131,-1.4298038,-22.495758,29.921862,-0.056921646,-0.0043374794,0.1519284,3.215637,1.3915244,0.09954545,0.0822677,0.57260865,0.76767415,-28.806332,voice_recordings,free_speech.wav,Trust-UBA-V2/dataset/24/voice_recordings/free_speech.wav,0.6275226323188332
0 days,0 days 00:00:15.018687500,34.953598,0.14563449,33.04713,34.57032,37.19331,4.146179,189.05702,181.21992,279.79257,777.812,0.35375953,0.99747896,0.052585475,0.2610371,0.61830795,0.56572247,8.889541,5.9325433,4.486094,3.0054731,0.15226145,1.2282927,25.083776,0.65239066,6.081705,2.5411336,6.628208,2.9463606,-9.247045,-1.8095137,0.03311,1.5191975,1.2530296,0.7548194,8.3750305,0.45250368,8.381571,1.1631464,28.311007,0.46910334,746.7786,0.24175265,1364.0021,0.18310146,-96.51053,-0.92775315,1784.7261,0.12903306,1043.5839,0.29051414,-100.832016,-0.8137857,2890.184,0.07193368,877.04706,0.3723907,-104.817665,-0.7484308,-18.174171,-0.5682293,30.184261,0.34039924,0.045761988,0.7394359,-0.018067297,-1.0509735,0.22724067,0.86733556,34.275043,0.36996007,8.731267,1.802578,6.8065453,3.2678854,-13.061795,-1.3980142,-6.5864415,15.559282,0.030854426,0.009891846,0.050321087,2.4,2.4080267,0.2311111,0.1870647,0.17264706,0.29064137,-25.814325,voice_recordings,free_speech.wav,Trust-UBA-V2/dataset/49/voice_recordings/free_speech.wav,0.774238653671691
0 days,0 days 00:00:16.811250,33.34462,0.1377999,30.608738,32.815594,35.810696,5.2019577,87.29944,103.38051,45.42312,42.875767,0.27324906,1.5828563,0.022016415,0.03853301,0.53517264,0.51315624,9.5824795,5.851855,9.070865,8.339529,0.10511758,1.8819559,21.137188,0.5612042,1.1296332,13.501374,14.243441,1.1049429,-1.0238405,-18.937506,0.01942408,0.94218475,1.1788108,0.93507487,6.1712112,0.55286133,3.128388,3.2333162,17.107246,0.67917925,580.8399,0.41510186,1302.9774,0.19050698,-156.9422,-0.5113422,1665.2709,0.15152784,1011.24805,0.38419825,-153.72559,-0.5142173,2678.2664,0.09777767,975.27454,0.3277014,-153.78531,-0.51313573,-9.071158,-0.950084,17.665352,0.5897726,0.06540359,0.3287471,-0.017918613,-0.87293744,0.33100906,0.79615897,28.612692,0.45282248,-9.285249,-2.021221,22.475864,0.9770055,-24.881296,-0.75586617,-10.732504,19.263441,0.006190146,0.01357642,0.02887097,1.7261906,1.2537314,0.19238093,0.09680145,0.613,0.9931268,-28.768318,voice_recordings,free_speech.wav,Trust-UBA-V2/dataset/75/voice_recordings/free_speech.wav,0.46469055205053184
0 days,0 days 00:00:18.261375,35.3592,0.11922975,33.275135,34.737995,37.318558,4.0434227,216.33502,479.3929,211.80927,251.84416,0.3484485,0.9632147,0.031434227,0.24104805,0.6838189,0.65238464,6.9648576,4.1946054,4.195804,2.2577114,0.13467461,1.2972503,24.227177,0.62440026,7.756898,1.9073956,8.275262,2.5584817,-14.234178,-1.3688017,0.017183324,1.8620789,1.0075473,0.9640232,9.638919,0.36707464,7.3818655,1.6153107,29.87423,0.44517288,652.0302,0.29372624,1371.3442,0.17212403,-107.655266,-0.8712925,1754.0807,0.14379229,1031.5972,0.37396714,-111.54193,-0.7657124,2861.707,0.08561445,870.8925,0.40467578,-113.94608,-0.72767365,-18.496017,-0.48884326,28.93397,0.3719523,0.0694741,0.32539868,-0.02589315,-0.66950595,0.22161026,0.6015206,34.82951,0.32209763,8.6702,2.0186965,16.818583,1.4233804,-23.682867,-0.85786504,-7.347851,15.455918,0.038693596,0.006905291,0.044515252,2.5753424,1.5934067,0.31172413,0.23915178,0.35458332,0.6916223,-26.2154,voice_recordings,free_speech.wav,Trust-UBA-V2/dataset/34/voice_recordings/free_speech.wav,0.6439843795455557
0 days,0 days 00:00:09.301375,22.332628,0.29413965,19.360134,20.643929,23.859896,4.4997616,669.5667,580.288,42.008423,57.84095,0.16877973,0.92240477,0.05518081,0.08144849,0.32765812,0.2724773,3.2211878,2.1486661,2.4806976,1.4953393,0.056770828,1.416391,6.7123637,2.1562624,17.973703,0.4845297,8.8883915,1.8446044,6.692761,1.2598656,0.021373617,1.0253619,1.3367041,0.7691532,4.262076,0.43784603,-0.33022228,-41.402863,17.200373,0.87414217,600.48834,0.40464664,1236.8672,0.2072136,-153.40732,-0.5103157,1724.281,0.15685645,956.50464,0.34797314,-156.63884,-0.4636342,2743.338,0.11557874,921.9441,0.27782464,-155.93701,-0.46732327,-20.438019,-0.4377586,27.629728,0.3758529,-0.021361066,-1.0955616,-0.02087925,-0.8172905,0.14176978,0.60427827,24.434631,0.4547767,22.938572,0.48567975,21.50483,0.9931583,5.43046,2.1143966,-5.1662574,11.777965,-3.526593e-05,0.015115297,0.026438478,2.1528525,1.0822511,0.237,0.17911169,0.60545456,0.7478619,-33.42435,voice_recordings,free_speech.wav,Trust-UBA-V2/dataset/48/voice_recordings/free_speech.wav,0.40123369685729837
0 days,0 days 00:00:20.992000,33.21315,0.0726854,31.90654,32.775967,34.480236,2.5736961,306.86224,642.8154,260.68362,545.8092,0.28959543,0.93281496,0.064701065,0.17459361,0.5290669,0.46436584,6.201101,4.1297593,3.4069622,2.4098766,0.09536125,1.3851223,25.527946,0.78049886,13.858502,0.9906044,5.2395625,2.4856036,-4.7064137,-3.1603506,0.01511379,2.3005366,0.8989451,1.0956386,9.876795,0.29704916,3.1544435,2.79429,37.626118,0.29481536,696.87054,0.237036,1357.4668,0.14718294,-100.1472,-0.9144464,1832.9336,0.13494979,1146.7534,0.27086064,-109.77992,-0.7391589,2912.8018,0.07557222,1049.8248,0.27862492,-113.69095,-0.6805808,-24.37426,-0.39455575,36.244846,0.28790143,0.042834375,0.5474058,-0.034962106,-0.6031628,0.15975928,0.91520387,41.34553,0.2667549,19.044678,0.8026986,6.767799,2.452775,-12.871853,-1.1314543,-5.1374593,13.022473,0.017267266,0.015158289,0.018678779,2.0019066,1.6722407,0.31685713,0.204894,0.2840625,0.3656659,-26.700514,voice_recordings,free_speech.wav,Trust-UBA-V2/dataset/82/voice_recordings/free_speech.wav,0.6991255571335423
0 days,0 days 00:00:14.677375,37.86833,0.08060696,35.601944,36.931602,40.28134,4.6793976,52.47432,74.43742,30.266113,23.62975,0.339371,1.0697166,0.01768025,0.21873677,0.64765435,0.6299741,8.10626,6.3231745,5.805141,3.3517666,0.15443462,1.4086353,27.652166,0.6571902,-1.4217334,-11.606059,0.9083626,18.504396,2.724873,6.1620016,0.016964506,1.0212194,1.0765246,0.92497087,9.889621,0.42557514,8.299906,1.3729233,29.883749,0.45977834,749.27344,0.26507133,1331.0736,0.16965927,-106.110825,-0.8609026,1803.8451,0.12796825,1057.4921,0.30324486,-105.36661,-0.80983967,2906.778,0.08374412,1052.7773,0.29624912,-111.85441,-0.709856,-16.000662,-0.67684203,30.396994,0.3640891,0.06688345,0.33035654,-0.0124150645,-1.9951879,0.26732185,0.9028347,40.436775,0.3141817,-3.6507149,-4.774117,-1.4825784,-13.507562,-2.125845,-8.614956,-4.8923516,14.555537,0.029127331,0.024296062,0.0215752,2.4556618,1.6427106,0.32208332,0.2888336,0.27695653,0.35752085,-25.248852,voice_recordings,free_speech.wav,Trust-UBA-V2/dataset/76/voice_recordings/free_speech.wav,0.7150704531228044
0 days,0 days 00:00:11.520000,31.861904,0.17820811,31.44278,32.86496,34.927654,3.4848747,24.614744,17.681383,54.859295,33.148613,0.29278332,1.0145487,0.035951544,0.16667765,0.5596605,0.52370894,5.863447,4.2339754,3.5777166,2.3721223,0.093121685,1.2095681,24.781757,0.66351104,13.227357,1.0550108,8.903425,1.5020446,2.1630096,6.6301103,0.019637898,2.2116706,0.92784715,0.9242641,9.015425,0.44482884,5.117203,3.0787656,27.302963,0.6191709,695.01105,0.29440802,1373.1122,0.172185,-114.45038,-0.79653573,1755.68,0.12743278,1145.8302,0.2862225,-120.64459,-0.69250435,2858.6729,0.081938334,896.7348,0.39937425,-123.15409,-0.65532416,-19.47511,-0.43417302,31.166555,0.315862,0.03458574,1.0967034,-0.022591466,-0.7295886,0.16697341,0.69685835,37.266876,0.3184452,12.874071,1.3229637,10.685563,1.614004,-4.1863537,-3.7483149,-12.185974,21.436472,-0.007327884,0.007508294,0.029724464,2.6064293,1.746725,0.2575,0.21938264,0.32555556,0.3940561,-27.488699,voice_recordings,free_speech.wav,Trust-UBA-V2/dataset/21/voice_recordings/free_speech.wav,0.5843781704544838
0 days,0 days 00:00:24.576000,30.532448,0.17682824,29.812576,31.334808,32.586525,2.7739487,59.013832,43.30806,71.80656,80.69541,0.47235322,1.2890942,0.02885926,0.15567344,0.9403034,0.9114441,10.506071,8.049252,6.206295,4.886976,0.17500255,1.5473912,22.675133,0.5546006,6.8365545,2.2212276,12.702479,1.3976467,-0.33590502,-58.28815,0.020181265,2.142766,0.9173372,0.9754346,7.550567,0.44387063,-2.0486715,-9.793392,16.252222,1.2048687,633.99365,0.36655545,1371.8375,0.20691717,-124.01425,-0.7407016,1714.559,0.14054921,1032.3375,0.40786707,-124.773315,-0.70054895,2772.37,0.09595598,996.3445,0.40251827,-125.54227,-0.6888617,-13.814487,-0.576179,21.352783,0.4304049,0.046496082,0.7489096,-0.023969796,-0.72641224,0.34969503,0.9380989,30.108486,0.35052827,1.6105287,12.109347,21.610037,0.9591115,-14.553865,-1.3245015,-12.800485,22.998552,2.3535134e-05,0.010324953,0.049592692,1.3843648,1.631987,0.24749999,0.22275266,0.36236843,0.48189005,-22.738136,voice_recordings,free_speech.wav,Trust-UBA-V2/dataset/61/voice_recordings/free_speech.wav,0.5898452500540416
0 days,0 days 00:00:57.514687499,33.27457,0.16153562,31.50914,33.015167,35.28853,3.7793884,249.70132,342.2266,177.86577,588.78723,0.40661928,1.1680274,0.016896132,0.28279307,0.68304944,0.6661533,8.734521,6.4531198,5.1682076,5.2624226,0.17070857,1.332875,30.55422,0.6001996,-3.0003111,-5.771017,5.269724,3.3456304,-7.6302342,-2.2955384,0.021230618,2.319729,1.1962715,0.76978916,7.4866533,0.5015167,4.5608916,2.008694,31.61999,0.494714,708.0815,0.2704459,1412.0884,0.16574351,-108.08317,-0.87026733,1767.5226,0.13984744,1124.5337,0.2955464,-109.85225,-0.7963398,2848.4502,0.097869575,1050.1045,0.34786165,-114.48287,-0.7263002,-13.98781,-0.70446163,27.761946,0.47971445,0.077064216,0.2289263,-0.024624554,-0.7126682,0.2795157,0.9241956,41.471924,0.3112521,-0.76447266,-23.253828,8.907658,2.3078253,-14.749135,-1.2672421,-4.261747,14.474978,0.08250329,0.013757259,0.061558556,1.8782609,2.1409922,0.22585365,0.20367324,0.22966102,0.2997031,-23.910583,voice_recordings,free_speech.wav,Trust-UBA-V2/dataset/72/voice_recordings/free_speech.wav,0.7200255587165874
0 days,0 days 00:00:05.802687500,38.436127,0.109477624,36.666386,38.45144,39.79195,3.1255646,39.555626,25.575033,118.29569,73.60722,0.38040406,1.486148,0.0010339657,0.05497213,0.81618047,0.8151465,7.2074814,4.6885633,4.799147,2.364815,0.1536918,1.7223368,14.114519,1.370825,-0.5832354,-20.346941,-7.2496443,-2.2479386,-10.437631,-1.6327002,0.02433852,2.6460166,0.84318244,0.88439924,9.5726795,0.46755677,5.448082,2.2401297,28.143332,0.5656578,805.78455,0.20842002,1328.9753,0.1934006,-139.61516,-0.6370337,1845.2032,0.13245508,1029.1511,0.27230054,-138.25049,-0.60941225,2936.84,0.08035941,975.5783,0.3587653,-140.9396,-0.57111484,-12.220679,-0.71442914,26.561972,0.37315324,0.099652715,0.17418538,-0.028301692,-0.5590424,0.3617382,0.9548558,29.259478,0.44091642,-3.7646232,-3.581729,-16.775944,-1.1544989,-26.984032,-0.55319524,-9.798234,21.260103,0.102437,0.049027447,0.14911109,1.3816925,1.7421603,0.186,0.1331315,0.36599997,0.53957754,-23.218424,voice_recordings,free_speech.wav,Trust-UBA-V2/dataset/6/voice_recordings/free_speech.wav,0.5232114775640335
0 days,0 days 00:00:14.592000,31.531141,0.1380328,28.799866,30.650194,35.08617,6.2863045,306.30402,605.3048,130.55745,195.20738,0.3215291,1.1525261,0.037757494,0.120907605,0.6436522,0.6058947,7.585512,4.790511,6.0330253,4.5264134,0.11073929,1.4964573,25.669106,0.5527167,8.157389,1.7437462,9.176713,2.3127432,-3.3598864,-5.144916,0.019721616,1.7106149,1.0605006,1.040629,7.766739,0.44192952,2.4909022,4.5373025,25.931318,0.46941957,556.2802,0.31010208,1395.9744,0.14190894,-116.383286,-0.81741935,1642.771,0.13530873,1093.3005,0.34072602,-119.40699,-0.7358451,2680.1885,0.09603634,951.22473,0.3837441,-122.913826,-0.68479955,-15.119647,-0.5313147,26.961765,0.3804448,0.049217924,0.54373646,-0.023799667,-0.70022225,0.20964228,0.90387243,36.433685,0.2610854,2.885328,5.7084737,13.548509,2.005059,-13.287046,-1.3837843,-12.430708,22.362858,0.015109685,0.008545768,0.030516101,1.920439,1.5141088,0.2859091,0.22528082,0.3352174,0.48723593,-27.466265,voice_recordings,free_speech.wav,Trust-UBA-V2/dataset/19/voice_recordings/free_speech.wav,0.6324040244826981
0 days,0 days 00:00:09.386687500,37.694607,0.12705652,33.837395,36.600967,41.448395,7.611,88.16837,77.20401,79.703384,100.915405,0.7534645,0.9538597,0.09599189,0.5558827,1.2979674,1.2019756,14.182873,9.522726,11.10785,6.208103,0.25249675,1.3264538,14.464117,1.2559723,-13.743014,-1.5617607,12.966601,1.6631987,-23.183392,-1.0905621,0.012597113,1.4070132,1.0590075,0.89908534,8.449004,0.4997053,3.7259178,2.6990366,12.072153,0.92397195,717.75946,0.33099517,1364.4406,0.21624972,-81.61169,-1.1818249,1735.4656,0.13270134,1003.7647,0.39847922,-76.55813,-1.1598983,2745.218,0.10195324,990.67145,0.34029087,-76.99267,-1.1420325,-4.5361967,-1.7816131,13.684991,0.7515553,0.067990735,0.44981396,-0.01385308,-1.4230937,0.3304012,0.8970862,22.748127,0.6551431,-21.265219,-1.0416676,11.9145,1.989262,-34.12045,-0.67779696,0.3778089,6.803851,0.013204566,0.015394641,0.110248394,3.4151547,2.0386267,0.30842105,0.27032655,0.16105263,0.22449698,-22.320156,voice_recordings,free_speech.wav,Trust-UBA-V2/dataset/45/voice_recordings/free_speech.wav,0.8552594782469738
0 days,0 days 00:00:16.346875,23.041475,0.28635392,20.219296,21.3991,24.183788,3.9644928,396.1943,550.09906,100.140175,98.78297,0.32036966,1.282501,0.043146595,0.07946971,0.6244003,0.5812537,9.258661,6.923241,7.3527036,5.113315,0.16834207,1.5250849,24.293919,0.68403614,3.9298923,3.1940994,10.915361,1.3195678,2.4354806,5.2523856,0.020688353,1.2369562,1.178994,0.8318285,3.619272,0.5472916,2.8347192,3.2357042,30.711624,0.42581502,600.95825,0.38062334,1369.6133,0.18578221,-148.75948,-0.56663543,1627.9225,0.17669508,1015.3272,0.3018007,-150.44656,-0.5291403,2802.6313,0.09911264,901.0062,0.44201732,-153.2584,-0.48980996,-15.729991,-0.71479857,29.837263,0.33555597,0.01649853,1.7755576,-0.012610353,-1.7373263,0.4315679,0.6538191,43.598354,0.25905317,1.62841,10.873451,15.399438,1.3493605,-3.60455,-4.575177,-9.186844,19.951765,0.00537344,0.011733258,0.07092084,2.0208206,1.7813269,0.14275861,0.14495887,0.385,0.6349265,-24.257654,voice_recordings,free_speech.wav,Trust-UBA-V2/dataset/29/voice_recordings/free_speech.wav,0.42136655081839347
0 days,0 days 00:00:19.968000,31.567999,0.21557638,28.146439,29.958782,32.95191,4.8054695,276.6488,317.285,152.08289,209.82442,0.6232168,0.936169,0.056668438,0.516173,1.0503049,0.9936364,13.14418,8.27054,8.438718,5.253373,0.18440719,1.1756177,4.240752,5.037065,3.542573,4.8441534,17.185516,1.2603074,-21.625437,-1.2338302,0.02179933,3.338773,1.1488444,0.88948834,5.17466,0.81083053,2.497764,4.4636116,15.145852,0.70677584,617.72626,0.35245854,1267.8368,0.20613377,-103.76622,-0.9229747,1709.2307,0.15377498,927.98047,0.47891328,-104.521034,-0.8478632,2751.6572,0.08002619,893.4389,0.5071584,-102.24835,-0.8788008,-5.2454805,-1.8472624,11.189275,0.86261165,0.061254993,0.33027774,-0.024576845,-0.9292414,0.27216572,0.8295885,16.491217,1.0735605,7.8215623,2.2399542,21.43321,1.1038543,-37.486267,-0.59525704,6.888745,1.0575616,0.034243573,0.023078887,0.08820694,2.7568924,2.2110553,0.22749999,0.21276455,0.2025,0.24026619,-25.426968,voice_recordings,free_speech.wav,Trust-UBA-V2/dataset/77/voice_recordings/free_speech.wav,0.8088967626225794
0 days,0 days 00:00:22.698687500,34.318188,0.104171544,31.601955,34.043137,36.599968,4.9980125,94.675026,110.40721,157.8479,310.7283,0.3237967,1.1112746,0.1092868,0.15089205,0.528164,0.41887724,5.7546372,5.2823677,3.2497506,2.6039376,0.09790651,1.5750995,25.3543,0.40492603,-1.859605,-8.681721,2.9137325,5.2899675,-12.754916,-1.1631407,0.020362666,1.8973634,1.1288959,0.7058995,8.319136,0.36799031,0.6184868,20.885256,20.655357,0.7504004,715.7288,0.27932552,1362.5674,0.17794408,-103.350334,-0.93166196,1742.9092,0.13754702,1035.7395,0.31394607,-104.01447,-0.88868004,2845.105,0.105554484,956.62274,0.34168115,-109.64783,-0.79221874,-12.207751,-0.7620736,25.3508,0.3713918,0.050014567,0.55094945,-0.018414166,-1.0876044,0.16757864,1.1061316,32.97221,0.22254516,-6.5677695,-3.184521,2.1886146,9.196611,-19.15391,-0.900614,-7.0962005,15.68887,0.036032572,0.0063680485,0.023405233,1.2786596,1.1931065,0.4244444,0.359231,0.40769228,0.7344035,-27.73682,voice_recordings,free_speech.wav,Trust-UBA-V2/dataset/30/voice_recordings/free_speech.wav,0.5979216802779904
0 days,0 days 00:00:17.834687500,31.260015,0.15657869,28.106575,30.318954,32.987774,4.881199,48.371433,31.923433,27.930561,24.04893,0.2957851,1.4099766,0.038252328,0.059103634,0.5443304,0.50607806,7.333229,7.4208703,3.482527,3.0919437,0.101848684,1.7738725,20.01447,0.7162874,8.375868,1.6700886,7.7390933,1.6351836,0.15848207,93.88039,0.020317772,1.5740938,1.0520124,0.77488786,6.8190117,0.48928356,-1.6258228,-7.168061,19.928585,0.6616335,647.92834,0.3486993,1386.1582,0.21834677,-141.38509,-0.6287148,1702.0898,0.13379695,1078.7173,0.321059,-143.08401,-0.58398145,2783.755,0.088276185,923.8881,0.4448746,-144.08879,-0.56809825,-14.130565,-0.6307879,24.786007,0.42381662,0.05367017,0.49863473,-0.027695023,-0.5942391,0.27116716,0.8217913,32.659687,0.40734547,3.7148013,5.4655094,10.837172,1.6275016,-11.527199,-1.4452478,-10.131343,17.939354,0.009942836,0.011233449,0.022916444,1.0662178,0.9566685,0.32294115,0.36623305,0.79333335,0.95692325,-26.988049,voice_recordings,free_speech.wav,Trust-UBA-V2/dataset/57/voice_recordings/free_speech.wav,0.39698059252717677
0 days,0 days 00:00:09.642687500,27.03402,0.12119527,24.562737,26.21782,30.253576,5.69084,251.49875,601.22095,22.365997,18.447123,0.39005694,1.0026803,0.030093662,0.28655562,0.73979723,0.70970356,7.921343,5.9893937,3.9300969,2.394477,0.16691832,1.3653672,23.29111,0.73579246,9.901771,1.1049623,2.8545578,6.9112,-3.5773578,-5.9708486,0.019237429,1.4676338,1.1271881,0.8762321,5.656191,0.52502954,-0.71226084,-9.902085,26.114555,0.37176207,546.12573,0.37274158,1332.8109,0.13277423,-99.574936,-0.98763573,1576.1244,0.18408082,1016.0137,0.21610102,-105.29249,-0.86107755,2698.532,0.12883821,903.7862,0.41819635,-109.77703,-0.786272,-15.499925,-0.46356705,27.21188,0.31874636,0.04493934,0.7803564,-0.015751626,-1.2732671,0.2827478,0.9121537,35.467857,0.26162186,8.876022,1.3260512,6.108973,3.8033698,-12.755254,-1.7214335,-6.191857,17.664436,0.018255536,0.017236972,0.046689503,2.1806853,1.7763846,0.27941176,0.27015182,0.29733333,0.23881559,-24.661385,voice_recordings,free_speech.wav,Trust-UBA-V2/dataset/59/voice_recordings/free_speech.wav,0.6957260082187163
0 days,0 days 00:00:40.495625,33.45586,0.085782275,31.654016,33.172653,35.176792,3.5227757,58.28465,79.07284,115.801834,328.58344,0.43821415,0.8305409,0.08037275,0.37648413,0.7623245,0.68195176,8.755936,5.0538015,6.3442593,5.792074,0.18208855,1.1455783,18.53844,1.0267034,11.065629,1.2113541,9.182753,1.7481774,-4.41054,-2.759352,0.021416098,1.9969381,1.0327984,0.85136974,9.014386,0.3420681,4.591722,1.7786853,27.958405,0.3747127,648.88855,0.28930247,1357.3721,0.15677062,-102.14451,-0.89675665,1731.714,0.13675186,1009.10925,0.3444734,-107.98367,-0.76880825,2816.2808,0.07314167,852.727,0.38277638,-110.63004,-0.72758514,-19.388197,-0.3950034,29.381226,0.33692852,0.06406247,0.2805673,-0.02977879,-0.5790898,0.2817927,0.74249196,32.739594,0.31970555,16.082497,0.80552554,11.446939,1.6938076,-4.633556,-3.0712671,-1.9036992,9.355287,0.07627578,0.01119625,0.06852121,2.4950593,2.077665,0.24964285,0.19954379,0.23263158,0.45921952,-24.156155,voice_recordings,free_speech.wav,Trust-UBA-V2/dataset/9/voice_recordings/free_speech.wav,0.6972615826734102
0 days,0 days 00:00:06.873125,23.936823,0.29113996,15.549202,26.461779,27.673347,12.1241455,163.08655,91.215225,26.60952,5.065234,0.13560763,1.3117876,0.041434422,0.046695296,0.1779726,0.13653818,4.8723755,3.2674994,4.253394,3.1894786,0.07544825,1.9686581,35.16768,0.29909992,8.602651,1.0956304,-5.6628327,-1.8868533,5.2448826,1.8887482,0.034739546,1.1541613,1.4805585,0.60379845,3.7460465,0.78270143,12.207718,2.3978615,40.965996,0.21430758,680.2244,0.37600723,1350.3269,0.15967923,-155.07114,-0.49886006,1744.2211,0.20047022,1210.5369,0.21427329,-157.96956,-0.4516544,2938.1423,0.10945549,1151.6696,0.22896968,-161.92467,-0.39811862,-18.655064,-0.47605744,42.09565,0.17114179,-0.0028709236,-12.655396,-0.0011472352,-16.743654,0.21795397,0.9683926,44.59028,0.25630298,13.190048,0.9306854,-3.1521397,-4.307531,6.358741,1.5378999,-11.091887,30.561604,0.0017911139,0.010832563,0.028352773,2.0408165,1.7621145,0.13166666,0.12109455,0.38307694,0.59802735,-30.222414,voice_recordings,free_speech.wav,Trust-UBA-V2/dataset/71/voice_recordings/free_speech.wav,0.31601633187534667
0 days,0 days 00:00:31.061375,35.43174,0.108897224,34.206547,35.275787,37.283646,3.0770988,308.129,694.01904,75.45995,121.18983,0.40946046,0.8337398,0.04476783,0.39330456,0.7294864,0.68471855,7.3313637,4.177751,5.092983,3.2396233,0.17378289,1.0147232,26.322025,0.5490432,8.125376,1.7592232,12.75994,1.1905087,-8.227122,-2.4302354,0.018759854,1.4380724,1.1102222,0.80611026,9.071204,0.3619805,4.7633967,2.4670882,24.56827,0.4765888,699.17487,0.28952098,1421.4094,0.15945299,-107.23392,-0.8456931,1775.9022,0.14417295,1086.5775,0.33524612,-107.66649,-0.78105736,2854.1824,0.10009925,1015.4385,0.3266955,-110.3669,-0.7379415,-17.424324,-0.46317402,27.25649,0.36710995,0.045745384,0.60514224,-0.02158653,-0.7043503,0.2652544,0.6307044,34.61281,0.29925108,5.076791,3.1140368,14.66427,1.1613593,-17.681599,-1.0983328,-12.062653,21.191612,0.0022440003,0.005672962,0.06900193,3.1561997,2.0,0.25790322,0.26551312,0.24374999,0.32495913,-25.209764,voice_recordings,free_speech.wav,Trust-UBA-V2/dataset/68/voice_recordings/free_speech.wav,0.7085341290713327
0 days,0 days 00:00:10.581375,36.74171,0.14034261,34.075542,35.69711,39.0347,4.959156,261.3189,316.12573,-69.21916,146.93237,0.15786451,1.3811196,0.016181597,0.034339294,0.3018027,0.2856211,4.1860585,3.761294,2.217374,2.1975174,0.050037816,1.7330341,18.785522,0.85592645,4.30626,3.4985807,0.9328711,21.578321,-16.82272,-1.008696,0.019243235,1.0603019,1.5199908,0.60472536,8.373538,0.39723212,5.0733967,2.010128,28.774805,0.53514016,762.69336,0.20693988,1317.9308,0.19789721,-143.74614,-0.5959602,1885.3809,0.13028006,993.4263,0.46159968,-145.86891,-0.54280514,2905.2083,0.06956243,929.45,0.34900397,-147.07332,-0.5256832,-15.45467,-0.57411957,27.997576,0.5295178,0.08778342,0.18771012,-0.029991617,-0.64764255,0.125658,0.8391763,35.055374,0.44018,8.101264,2.1572955,11.014394,2.7229524,-29.358706,-0.74802256,-6.1572766,14.360586,0.099373676,0.01076333,0.015650062,1.7029328,0.9505704,0.329,0.24076752,0.6381818,0.7463952,-33.44664,voice_recordings,free_speech.wav,Trust-UBA-V2/dataset/16/voice_recordings/free_speech.wav,0.43094842912918413
0 days,0 days 00:00:14.396375,34.042168,0.12309512,31.786732,33.34794,35.512413,3.7256813,24.379572,13.187313,35.46099,24.680496,0.3820723,1.0184451,0.0068372954,0.282892,0.7313614,0.7245241,7.9029083,4.321296,6.255882,3.7217062,0.18810503,1.1619283,28.5957,0.7688229,-2.5641546,-6.2917542,4.805761,3.3084958,-11.517956,-1.41925,0.023443894,1.1221293,1.2939688,0.7768693,7.482652,0.5058702,-0.8336628,-10.986605,26.761276,0.3718076,624.06165,0.29151553,1377.948,0.16944937,-105.20374,-0.8967704,1687.3127,0.14539957,1053.3773,0.2974129,-108.49283,-0.80633336,2808.2502,0.08614988,885.4973,0.39203402,-112.319565,-0.74471813,-17.517517,-0.5086983,28.752937,0.34898412,0.075036444,0.26131022,-0.03299997,-0.56272364,0.3102242,0.7079357,43.796124,0.24323533,-4.884408,-3.7816958,8.135336,2.0662153,-18.396091,-0.88564676,-4.9187207,14.365541,0.07870133,0.01999603,0.066803254,3.4075105,2.1632938,0.2264516,0.19035701,0.222,0.3645216,-24.669716,voice_recordings,free_speech.wav,Trust-UBA-V2/dataset/66/voice_recordings/free_speech.wav,0.7101818608063697
0 days,0 days 00:00:10.752000,25.004755,0.24871492,21.801207,23.230043,26.194284,4.393078,652.36444,996.5849,154.84157,203.01898,0.275687,1.4513723,0.0010339657,0.029332137,0.5600478,0.55901384,9.343522,7.2112813,8.573642,4.393155,0.113512374,1.6588485,22.178247,0.9725222,-15.332204,-1.006008,11.05237,1.5398495,-1.1002672,-9.358867,0.02202608,1.2159302,1.4571228,0.8137768,3.6369889,0.6119177,0.035160102,149.65642,15.199838,0.6323312,618.4164,0.4047838,1267.8289,0.15742275,-138.65108,-0.66192174,1697.6367,0.1685941,874.33704,0.33027348,-138.90215,-0.6301865,2727.476,0.10841882,936.28156,0.41158456,-138.98692,-0.62763256,-8.7198,-0.72148955,15.9204855,0.4620381,0.0645664,0.3542711,-0.021388792,-0.8122675,0.25846878,0.845492,44.640114,0.19453028,-22.559948,-0.5850273,19.412199,1.1229908,-5.603525,-2.5326636,-0.08414008,7.381519,0.08388521,0.04850606,0.08154624,2.234637,1.7773621,0.16894737,0.19436522,0.3361905,0.42346048,-28.16662,voice_recordings,free_speech.wav,Trust-UBA-V2/dataset/60/voice_recordings/free_speech.wav,0.5758962047537943
0 days,0 days 00:00:24.427437500,33.60589,0.14585932,31.534073,32.36676,33.927845,2.3937721,185.38608,298.43906,139.69643,161.75421,0.28171387,1.2085568,0.0044207764,0.14040475,0.5251739,0.52075315,8.401564,6.3316975,6.870423,5.437305,0.16530405,1.5056787,18.710985,1.0853076,-3.607385,-4.076545,-6.8627763,-2.2114575,-11.184282,-1.2673323,0.020748256,1.223281,1.4082855,0.9107792,5.4047656,0.70934176,-7.8423758,-1.133635,22.873203,0.59435326,740.91064,0.24128033,1401.3788,0.15968429,-149.39857,-0.5564292,1763.2695,0.11982006,1092.0225,0.2725669,-150.35236,-0.5206593,2848.0808,0.08572672,963.967,0.31767458,-152.87978,-0.48600626,-16.25372,-0.55821174,27.833296,0.38326707,0.07420211,0.31507418,-0.03447061,-0.5355119,0.36529192,0.79237396,36.00704,0.35547605,-3.2744088,-4.526725,-4.58426,-3.4929757,-18.172167,-0.6423596,-5.0296173,16.589838,0.08167923,0.015163103,0.10801364,2.7857435,2.3399017,0.106140345,0.08839216,0.32807693,0.49767935,-27.74037,voice_recordings,free_speech.wav,Trust-UBA-V2/dataset/13/voice_recordings/free_speech.wav,0.6224164487588207
0 days,0 days 00:00:13.738687500,25.238743,0.44354552,20.156921,21.292492,23.697351,3.54043,2026.0837,1210.8457,93.725586,71.11721,0.27907297,1.1797595,0.038270313,0.10403417,0.5236648,0.48539445,8.403185,5.2197175,9.200766,6.1692195,0.12166548,1.6104754,10.723694,1.508961,-2.8493745,-4.615314,3.4979665,4.533158,-3.0478623,-4.6519823,0.02886969,0.86730164,2.052081,0.5561859,1.6611968,1.6086569,4.806784,1.4659895,17.484468,0.67836446,624.96246,0.43254006,1280.2357,0.25083038,-174.46219,-0.36486763,1695.7102,0.18202366,951.707,0.27702925,-172.56628,-0.36594707,2734.2185,0.09913836,877.981,0.28176516,-172.68398,-0.3629692,-9.171835,-1.2462155,18.295387,0.60498327,0.04040141,0.5449521,-0.017621938,-1.1599271,0.3202258,0.8063585,23.855412,0.77184,2.9730067,5.0850077,11.956976,1.662242,-10.506007,-1.5732746,-0.25824916,8.7951765,0.03840697,0.014318041,0.08722048,3.2069972,2.048281,0.06285714,0.049989793,0.39103445,0.47805166,-30.128307,voice_recordings,free_speech.wav,Trust-UBA-V2/dataset/47/voice_recordings/free_speech.wav,0.5825910525980584
0 days,0 days 00:00:12.288000,32.582085,0.14776815,31.54087,32.63557,34.38977,2.8488998,38.852642,33.11252,54.92899,57.471893,0.33927998,1.1212758,0.040922496,0.18283941,0.60339123,0.5624687,6.891115,5.1431894,4.901292,3.7463803,0.14458588,1.371713,28.603868,0.6359637,7.728475,1.8274304,-0.28808522,-57.26284,-4.95252,-3.3428354,0.017017558,1.4274536,1.0133611,1.0519476,8.184989,0.43564436,9.724622,1.3777343,37.035122,0.34561732,680.9245,0.30187708,1423.2865,0.1537528,-102.538246,-0.92534006,1752.444,0.14944234,1132.6985,0.2360334,-108.10836,-0.7913317,2871.3425,0.09563248,1026.0065,0.30135468,-113.42942,-0.7098014,-18.907505,-0.49649712,32.42799,0.31522927,0.05042174,0.6529096,-0.026174653,-0.6292813,0.24709159,0.9015197,42.408092,0.24774645,6.353523,2.6987138,-1.0479327,-18.484867,-11.154004,-1.5284839,-10.405161,20.626345,0.0036620835,0.008897041,0.033887975,2.4449878,2.2913258,0.21857142,0.14456126,0.20407407,0.3908325,-25.558332,voice_recordings,free_speech.wav,Trust-UBA-V2/dataset/67/voice_recordings/free_speech.wav,0.6816440920211386
0 days,0 days 00:00:16.981375,34.97879,0.06325259,33.11934,34.65863,36.86787,3.7485313,27.206085,42.69302,23.430552,17.973286,0.47514492,0.9536124,0.044266924,0.36076084,0.8822486,0.83798164,8.86928,4.72082,5.867284,3.708965,0.16052434,1.0936875,21.04483,0.7764911,2.739962,5.6400185,5.507689,3.096493,-10.221819,-1.8043476,0.015344109,1.4360398,1.1364292,0.7372223,7.422601,0.51360255,4.4825044,2.0423725,20.47976,0.5529162,731.01135,0.25310826,1387.1555,0.16933724,-106.306725,-0.8868024,1730.1453,0.122956775,1100.7249,0.35046685,-107.0495,-0.8364268,2832.3635,0.07829494,821.8339,0.50170517,-110.13609,-0.7840755,-9.301345,-0.90286916,21.034529,0.44086984,0.055282477,0.3685742,-0.017565915,-1.0243531,0.27421683,0.58384806,28.31398,0.4432121,-2.042171,-8.358358,7.7238164,2.6876779,-21.336784,-0.7745218,-6.0800996,15.599492,0.010601119,0.012149579,0.04219274,2.710666,1.713948,0.28862068,0.23907472,0.28357142,0.38015234,-26.393139,voice_recordings,free_speech.wav,Trust-UBA-V2/dataset/36/voice_recordings/free_speech.wav,0.7236189782150231
0 days,0 days 00:00:16.718375,33.144238,0.17131637,31.788181,32.762756,35.436226,3.6480446,172.73871,128.03581,340.18185,535.25836,0.4404661,1.2276574,0.0050859703,0.15308702,0.9337446,0.92865866,11.670471,6.6325855,6.3205514,5.050594,0.19023673,1.5528898,20.086084,1.0015424,-0.9378903,-14.226898,6.669853,3.027298,-6.584794,-2.1792135,0.029877255,2.248091,1.1142571,0.934127,7.7228675,0.50490946,4.6852465,2.4546793,22.075924,0.5025505,556.3737,0.33099464,1345.0209,0.12339687,-128.05014,-0.7259223,1645.8417,0.14462683,923.5396,0.30619827,-128.84093,-0.679259,2677.4785,0.094445765,896.1251,0.3069783,-130.61469,-0.65371704,-14.02986,-0.55453646,22.577,0.40592602,0.079193994,0.2592106,-0.024106462,-0.66373426,0.36776656,0.8465491,35.164276,0.33238742,-3.23504,-4.3204403,15.703956,1.43379,-11.651707,-1.2687758,-5.5033045,15.032585,0.08490639,0.022749553,0.09644822,1.7365271,1.861862,0.19838709,0.18221039,0.2981818,0.3988427,-23.416357,voice_recordings,free_speech.wav,Trust-UBA-V2/dataset/39/voice_recordings/free_speech.wav,0.6165694055545379
0 days,0 days 00:00:07.253375,20.528696,0.26598725,13.611908,21.218666,25.262568,11.65066,205.59038,129.13469,241.81567,344.71628,0.1908594,1.372573,0.042506807,0.048123166,0.39362073,0.35111392,7.0680237,4.312763,5.052032,2.4848866,0.08180842,1.6713873,27.892797,0.3644301,14.828151,0.63561517,13.602272,0.71323514,10.684991,1.0438138,0.04493557,1.8340117,1.4413877,0.57615006,2.7101245,0.8589313,18.695677,1.6505976,33.373833,0.3291631,818.21643,0.29870123,1345.4545,0.14857799,-129.84097,-0.6439662,1863.9657,0.14762013,1185.3037,0.23506676,-132.83688,-0.59977174,2899.5935,0.10504961,1027.1097,0.21798185,-135.04468,-0.5692791,-20.944513,-0.39959842,33.378216,0.26326683,-0.01499746,-2.1291592,-2.0001991e-05,-765.56604,0.14012939,1.2019378,32.813263,0.25611472,11.68927,1.0313072,13.65159,0.96463954,7.6633735,1.9380586,-19.968555,31.128939,-0.018616382,0.008335632,0.044620905,1.6574587,3.3379693,0.10708333,0.11084822,0.18636364,0.1459622,-31.257355,voice_recordings,free_speech.wav,Trust-UBA-V2/dataset/38/voice_recordings/free_speech.wav,0.29944938950307187
0 days,0 days 00:00:22.784000,34.699,0.10067006,33.74467,34.56516,36.013363,2.268692,115.032234,145.23071,55.453835,101.58878,0.37125748,0.81725043,0.05307061,0.33545676,0.6457548,0.5926842,5.207434,3.5449076,3.9999712,2.3452303,0.13476935,1.0678457,32.80258,0.557426,7.7703147,1.8812703,-3.7657838,-4.8914585,-9.982619,-1.673399,0.021417119,1.3725628,1.0995262,0.7504601,8.780756,0.39442688,0.2279781,46.1372,34.862667,0.33522803,700.3548,0.21279901,1375.4813,0.16211712,-81.55647,-1.1331924,1762.6149,0.13226183,1114.5344,0.31275824,-91.100975,-0.90287375,2901.6455,0.07341636,925.29596,0.34399855,-98.14941,-0.7822494,-20.047707,-0.46473578,34.826138,0.2645072,0.05903564,0.4230915,-0.03383825,-0.64263546,0.18939048,0.7386815,43.518127,0.25447887,7.042673,2.2941694,-5.295954,-3.6110682,-17.805756,-0.84810257,-8.958095,21.327557,0.022472005,0.008701239,0.04392343,2.3276243,1.6725353,0.36315787,0.3234933,0.2211111,0.30615696,-26.167784,voice_recordings,free_speech.wav,Trust-UBA-V2/dataset/31/voice_recordings/free_speech.wav,0.7347281390672705
0 days,0 days 00:00:16.725375,25.938286,0.2113193,22.049316,23.909988,29.146698,7.0973816,125.59927,161.82251,162.75714,250.63472,0.39158884,1.168153,0.028737219,0.21290118,0.72471315,0.6959759,9.474592,6.482199,7.5766487,6.135477,0.11997215,1.5052862,23.94521,0.79989636,-11.910428,-1.0849458,8.814646,2.6657746,-3.6779487,-3.4878132,0.017825756,1.8549894,1.2390704,0.94412667,4.640133,0.6091799,2.3782175,2.6516783,15.723651,0.55930096,589.4444,0.4564522,1255.7312,0.18596847,-111.9559,-0.86211306,1613.3427,0.17507416,916.8211,0.39925987,-112.33813,-0.8212484,2624.1904,0.112587556,889.36365,0.25469136,-114.06679,-0.7918433,-7.5155983,-0.78575945,16.684858,0.5068895,0.041339826,0.6485359,-0.016792197,-0.960473,0.21918783,0.9471088,39.942104,0.28345075,-16.841675,-0.882302,18.016129,1.6154677,0.40615264,36.062645,-1.237174,10.268508,0.047853593,0.016854092,0.03438689,1.9748654,1.7406963,0.2565517,0.18842863,0.31703702,0.4969299,-26.86266,voice_recordings,free_speech.wav,Trust-UBA-V2/dataset/35/voice_recordings/free_speech.wav,0.6242035836400666
0 days,0 days 00:00:00.256000,0.0,0.0,0.0,0.0,0.0,0.0,0.0,0.0,0.0,0.0,0.036333982,0.27324536,0.03757808,0.039903842,0.041206107,0.0036280267,0.22725545,0.0,-0.09342276,0.0,0.001910715,0.3279617,-2.01121,-0.9418218,4.6679025,0.39837372,2.370132,0.7830636,-1.3970865,-2.1461997,0.0,0.0,0.0,0.0,0.0,0.0,0.0,0.0,0.0,0.0,0.0,0.0,0.0,0.0,-201.0,0.0,0.0,0.0,0.0,0.0,-201.0,0.0,0.0,0.0,0.0,0.0,-201.0,0.0,0.0,0.0,0.0,0.0,0.0,0.0,0.0,0.0,0.0,0.0,0.0,0.0,0.0,0.0,0.0,0.0,0.0,0.0,-1.0687131,8.339906,0.02918201,0.029969072,0.0019759673,4.166667,0.0,0.0,0.0,0.17999999,0.0,-71.26875,voice_recordings,free_speech.wav,Trust-UBA-V2/dataset/65/voice_recordings/free_speech.wav,0.0
0 days,0 days 00:00:48.896000,31.667547,0.105892085,30.81474,31.67854,32.71185,1.89711,112.9571,282.7237,109.4149,336.4884,0.38986698,0.7858589,0.06062568,0.3671416,0.6551634,0.59453773,5.6572986,3.098093,4.5213265,2.6278722,0.16322404,0.9282774,25.111752,0.6740737,13.0252,1.0809869,18.670933,1.0030974,7.446157,1.8114302,0.018926818,1.4124994,1.0967106,0.7957063,8.423984,0.34510347,15.364898,0.73682386,27.229849,0.48774096,668.3753,0.3427826,1398.695,0.18529616,-91.97339,-0.9379606,1755.8014,0.12979163,1057.5565,0.3505145,-96.69601,-0.82566726,2831.1868,0.09808968,1012.0741,0.3386063,-99.26266,-0.7835198,-19.926579,-0.51702166,29.662777,0.40146002,0.016613852,1.5762277,-0.018118644,-0.8634219,0.22960736,0.62363636,33.564175,0.33877406,13.7694845,1.0892498,22.669127,0.87703526,5.804413,2.5106685,-8.532773,17.515848,0.020803256,0.010556669,0.058642782,3.0482817,2.1503174,0.27590477,0.23904051,0.1996591,0.2865129,-23.759174,voice_recordings,free_speech.wav,Trust-UBA-V2/dataset/81/voice_recordings/free_speech.wav,0.7868138329488007
0 days,0 days 00:00:14.250687500,33.149467,0.15477146,32.19376,33.480988,34.99797,2.8042107,426.1746,495.9069,95.22794,85.36255,0.38033944,1.1557405,0.040894736,0.14178708,0.73263466,0.6917399,8.387081,6.145573,6.369736,5.254089,0.1441146,1.5371482,20.27413,0.76802665,9.367961,1.5350978,7.8408957,2.0381691,-5.7076526,-3.0303752,0.023515848,1.9221479,1.0896258,0.8816992,7.7791114,0.46860284,6.1773233,1.6169413,26.847055,0.46132362,639.75226,0.31084892,1366.5953,0.17539294,-130.33868,-0.70524484,1678.615,0.13353115,1044.741,0.33715075,-131.32295,-0.6528323,2829.3813,0.083579846,803.3931,0.48979777,-133.46635,-0.6220408,-14.057727,-0.58865374,24.41117,0.45462683,0.0580998,0.3450215,-0.023999844,-0.74078596,0.29397488,0.74643874,31.538597,0.43741632,8.409754,1.9038855,11.051309,1.9955102,-17.440855,-1.0040209,-8.30976,16.20994,0.012956933,0.00919802,0.051896736,1.8258427,1.691332,0.2175,0.15909249,0.3840909,0.5448157,-24.556606,voice_recordings,free_speech.wav,Trust-UBA-V2/dataset/78/voice_recordings/free_speech.wav,0.5818692162624446
0 days,0 days 00:00:21.504000,24.260164,0.24355832,20.927649,22.541908,27.4506,6.522951,203.09595,338.81766,243.26378,321.34262,0.28373107,1.1066626,0.02259816,0.178815,0.5104509,0.48785275,6.4969535,5.142442,4.2451887,2.6793642,0.16182706,1.3427892,31.435102,0.4928058,7.349259,2.0387175,5.569864,3.7537494,-4.5979943,-3.3868492,0.02496216,1.2948654,1.4512657,0.59202206,3.5759509,0.7449403,4.456437,2.3768368,33.138577,0.4285579,616.38544,0.32292488,1332.1001,0.15136719,-130.20651,-0.6968018,1712.2701,0.15814671,1066.0085,0.3228905,-134.11166,-0.6254596,2810.3413,0.10847153,1046.0145,0.3041959,-137.35239,-0.5791376,-19.693306,-0.54896295,33.185005,0.32175225,0.028153956,1.1582446,-0.025127444,-0.84238225,0.33841577,0.7237519,41.25032,0.28671068,11.419328,1.485157,11.189516,2.3056746,-7.183612,-2.5399082,-12.040007,22.96611,0.045427285,0.00019568748,0.0573495,2.4662633,2.052239,0.17204545,0.16304739,0.2947727,0.49058634,-26.307245,voice_recordings,free_speech.wav,Trust-UBA-V2/dataset/80/voice_recordings/free_speech.wav,0.6350464885791265
0 days,0 days 00:00:09.045375,24.74129,0.43708065,20.313082,20.652184,27.00355,6.690468,483.72147,537.8673,29.985853,9.742926,0.40414745,1.3579005,0.030090805,0.08446195,0.97983027,0.94973946,11.562124,9.585033,8.237595,10.336159,0.14021479,1.6707618,15.011349,0.88565683,10.676995,1.178922,12.383969,1.5865473,0.41186,33.812878,0.013375878,2.2163548,0.88683593,0.7399044,4.1754003,0.44200775,8.373072,1.3281416,15.151838,0.64612263,572.5757,0.48609108,1200.8517,0.19180433,-156.91301,-0.5141747,1665.0006,0.15717593,742.719,0.60501355,-157.6991,-0.48447245,2670.362,0.09686855,842.40674,0.33906478,-154.49805,-0.5222991,-8.496564,-0.9584724,13.553438,0.67551905,0.0066908286,3.4904156,-0.01883492,-0.99631554,0.33933717,0.8628529,15.076058,0.92040616,14.472392,1.2357405,32.623333,0.6949509,-3.954009,-4.343873,-8.002207,15.64922,0.009146334,0.0053534275,0.078037284,1.4396456,1.0022272,0.2311111,0.21778911,0.67099994,1.0005443,-25.28171,voice_recordings,free_speech.wav,Trust-UBA-V2/dataset/54/voice_recordings/free_speech.wav,0.42320262566937294
0 days,0 days 00:00:07.168000,35.259632,0.16345203,32.72693,34.546444,39.168858,6.441929,93.372185,99.64813,58.61105,24.822924,0.19169809,1.4823364,0.028155718,0.042038944,0.3405058,0.3123501,5.219,6.91714,4.4436173,3.7826152,0.06951505,1.8853432,21.228558,0.71162504,9.3912,1.2501365,7.463248,1.9873549,-0.735947,-18.430494,0.021029,1.0284101,1.0056276,0.9284917,10.262935,0.342271,5.8865404,4.301149,26.750673,0.88850325,789.80786,0.23599991,1403.844,0.25492144,-157.70644,-0.47350875,1867.6453,0.1441682,1075.511,0.33015487,-157.81418,-0.44629353,2934.7778,0.074652076,917.22253,0.29659593,-158.88936,-0.43032885,-18.66388,-0.64378643,32.559544,0.43415108,0.029884543,0.87426865,-0.021904634,-0.9533537,0.20846017,0.8722868,35.110126,0.4530647,15.126429,1.1001525,11.3249445,2.2235515,-12.341186,-1.402672,-9.261878,18.674896,0.005052726,0.014003935,0.02016448,1.3986015,1.2676057,0.19777778,0.1461185,0.5688889,0.65502244,-29.236046,voice_recordings,free_speech.wav,Trust-UBA-V2/dataset/8/voice_recordings/free_speech.wav,0.4001150958696278
0 days,0 days 00:00:09.557375,27.12793,0.31802332,12.752323,30.900223,33.4203,20.667976,69.4091,64.65393,94.63732,59.570606,0.13075845,2.0845206,0.027786609,0.03516481,0.06085498,0.03306837,4.441388,2.514263,6.1588507,4.201721,0.05306807,2.7293124,23.275436,0.49861822,16.914234,0.59347963,7.417137,1.2934688,7.334654,1.4282857,0.015893213,1.4082651,0.9617539,0.8370317,6.667136,0.6315085,-0.9296634,-31.23876,30.386578,0.9226789,644.47003,0.34949863,1419.8793,0.12148666,-167.31935,-0.41802818,1695.7427,0.15979783,1188.9319,0.2505554,-169.57921,-0.38095304,2828.908,0.10995798,1042.3218,0.25106212,-171.5185,-0.35232672,-21.197803,-0.412461,33.952557,0.277077,0.027555434,1.3753988,-0.02137043,-0.8888316,0.23985256,1.0798129,40.801826,0.27842948,11.561636,1.394022,4.341009,3.0705063,3.687289,3.3716784,-16.261065,25.396175,0.018291688,0.009067159,0.011030358,0.524109,1.0537409,0.16499999,0.1261943,0.76199996,0.780587,-29.068403,voice_recordings,free_speech.wav,Trust-UBA-V2/dataset/17/voice_recordings/free_speech.wav,0.2071712105259716
0 days,0 days 00:00:11.349375,31.2004,0.24993746,28.768002,33.284397,35.966274,7.1982727,405.3273,612.40045,140.73659,130.80019,0.0624584,0.91178197,0.022015845,0.034751844,0.09880078,0.07678493,1.4085083,0.93588686,1.0706773,0.8251177,0.016853476,0.71701956,24.643892,0.45416242,20.04618,0.6779849,21.471611,0.77117294,3.8315496,4.7675943,0.024143644,2.1140585,1.1724532,0.66963106,5.0196595,0.82274437,5.687755,1.6821234,21.124876,0.36293513,560.84186,0.30037874,1344.9569,0.18503553,-150.49004,-0.55224675,1694.9146,0.1330411,932.82074,0.44700757,-153.5986,-0.4902,2690.249,0.08935646,852.3956,0.46776703,-152.82767,-0.49972695,-14.997444,-0.39262325,22.53224,0.33037636,0.015733713,1.9141246,-0.013381174,-1.1836609,0.02546729,0.55997837,29.581722,0.33089462,8.608538,1.8870857,22.31037,1.0637414,-15.230423,-1.0896022,-24.062012,32.811607,-0.039032422,0.009963584,0.01381689,2.7360988,2.1276596,0.11541667,0.08717698,0.33374998,0.44133145,-49.7881,voice_recordings,free_speech.wav,Trust-UBA-V2/dataset/73/voice_recordings/free_speech.wav,0.5625010325515312
0 days,0 days 00:00:13.568000,32.011024,0.19585678,29.236439,33.888622,35.583664,6.347225,244.06612,292.5834,406.2293,874.40314,0.31743363,1.0020982,0.050878543,0.2048574,0.5631836,0.5123051,6.428255,3.6465237,3.9704757,2.6191068,0.123286255,1.2537861,24.00796,0.68308794,11.112436,1.1830199,7.9132457,1.9047993,-0.828008,-19.79105,0.03820305,2.6336591,1.1235179,0.8538326,8.630294,0.43513292,1.9978304,6.1888666,26.758123,0.4912697,748.18634,0.22394677,1310.7424,0.17595024,-116.21317,-0.78509825,1861.4497,0.13926686,1005.2694,0.37963632,-121.03311,-0.69574916,2933.3582,0.081284024,950.9755,0.35426274,-123.90713,-0.6538585,-20.464157,-0.45546824,30.515587,0.354975,0.027365593,1.1661999,-0.032648716,-0.64417887,0.20403524,0.7721182,37.19957,0.27332625,11.652892,1.3940377,9.45451,1.9796222,-10.368503,-1.5975981,-11.217469,20.777445,0.0001269506,0.010762523,0.05529244,2.5092251,2.074074,0.21142857,0.18106262,0.27879998,0.4011615,-26.442247,voice_recordings,free_speech.wav,Trust-UBA-V2/dataset/42/voice_recordings/free_speech.wav,0.6235288156361275
0 days,0 days 00:00:07.594687500,30.825119,0.23449904,24.904442,29.681446,35.167652,10.26321,431.55606,657.3912,28.517954,146.36433,0.45083588,1.0136983,0.008683763,0.31770372,0.8986226,0.88993883,10.67029,7.0280433,7.662167,4.2204123,0.14852606,1.2570225,16.29503,0.9552554,-6.5978074,-1.9687519,4.6591535,3.8073928,-12.058043,-1.8530494,0.023078678,2.0491939,1.3898226,0.92001295,5.2702713,0.81731844,2.6726964,3.955624,15.873855,0.779014,837.9437,0.3014798,1075.489,0.28196904,-117.009445,-0.83410454,1899.246,0.15567277,900.57166,0.4760579,-110.67289,-0.85463864,2877.4514,0.10218011,883.73376,0.3366096,-112.653,-0.8204049,-7.2690897,-1.0824579,16.103762,0.5422914,0.086149596,0.28508198,-0.0171972,-1.309374,0.25355336,0.7928761,26.423445,0.40234748,-11.010052,-1.1757486,6.67196,2.9684176,-25.895147,-0.8208774,-1.4163339,11.029202,0.046772663,0.023747098,0.062302094,2.9023747,2.5232406,0.17052631,0.2170732,0.195,0.34233752,-26.81586,voice_recordings,free_speech.wav,Trust-UBA-V2/dataset/7/voice_recordings/free_speech.wav,0.7536909327320309
0 days,0 days 00:00:10.410687500,28.017706,0.15321228,25.149502,26.825499,31.0621,5.9125977,202.24014,369.3914,348.34497,317.6855,0.40067846,1.6287141,0.023340516,0.04634222,0.73471415,0.7113736,19.222052,14.432439,14.967582,11.700124,0.16670476,1.886825,18.262428,0.87613213,5.5204525,2.8380733,14.509044,1.0182241,4.1172867,3.7522979,0.022557098,1.472418,1.2336298,0.8461586,5.039956,0.6691826,-0.36994582,-20.060402,17.61446,0.7211102,691.8714,0.44780928,1258.0646,0.22307599,-146.00414,-0.5953951,1752.9608,0.18991558,938.68646,0.37398803,-144.74007,-0.5793322,2758.2515,0.102730885,990.956,0.3764053,-145.35468,-0.5713002,-8.700934,-1.0665028,18.720148,0.6004601,0.054251324,0.41268072,-0.01944216,-1.141876,0.4594621,0.89631367,32.945477,0.47523728,-8.689915,-2.057117,15.838655,1.4441371,-7.5471935,-2.7081828,-12.453591,21.481844,-0.01691241,0.017186204,0.04699978,1.6346154,1.7391305,0.16,0.11551816,0.3736842,0.779691,-23.53264,voice_recordings,free_speech.wav,Trust-UBA-V2/dataset/46/voice_recordings/free_speech.wav,0.4622200876508375
0 days,0 days 00:00:03.498687500,33.055367,0.36527646,23.989676,24.917183,49.498966,25.50929,969.3294,1391.1396,241.08948,147.81943,0.29981735,1.4675771,0.036531243,0.047736894,0.57773113,0.54119986,7.521712,5.3562717,4.5976267,3.4112694,0.079522856,1.7262456,-1.9862753,-10.374632,3.1730213,5.856459,-0.74264896,-31.327112,10.767182,1.2276103,0.03693376,1.2142291,1.9354348,0.71628976,-0.55870205,-7.7031345,-1.3750808,-6.850726,3.0352957,4.784184,895.60815,0.32714283,982.942,0.3235497,-161.87993,-0.47520503,1944.9056,0.15189016,962.32153,0.35729367,-153.29863,-0.54253715,2880.633,0.10603216,892.769,0.30893078,-153.6073,-0.536508,2.6848605,4.4253607,6.028028,1.3030981,0.050586093,0.40392685,-0.0065501044,-3.1998072,0.250016,0.5826138,20.395288,1.2889487,-23.209932,-0.5644119,27.403435,0.69902295,0.7994129,18.80747,1.8811582,4.566982,0.04678802,0.0233187,0.029035477,1.4367816,1.457726,0.152,0.06615134,0.51,0.60613525,-30.059402,voice_recordings,free_speech.wav,Trust-UBA-V2/dataset/53/voice_recordings/free_speech.wav,0.45617921326235306
0 days,0 days 00:00:12.353062500,34.531574,0.11558336,32.7744,33.9139,37.81842,5.0440216,64.846596,69.45916,62.474297,42.992867,1.0425004,1.1942285,0.07777778,0.28269663,2.1670158,2.089238,25.425972,18.251123,12.255562,10.13539,0.6123279,1.4426597,20.127796,0.7574613,7.0337043,1.4676217,3.2502387,3.507198,-1.9127662,-6.2267513,0.031657923,2.5635605,0.6443051,1.6342295,9.738511,0.35246208,2.925368,2.8532457,27.338413,0.3617019,725.8557,0.29314417,1411.131,0.18141036,-134.71713,-0.6540759,1771.4562,0.13811825,1187.9275,0.21913396,-136.58307,-0.600962,2856.1375,0.08740006,1077.67,0.30811068,-139.5486,-0.5605647,-18.344976,-0.42040682,29.901583,0.32033873,0.02891039,0.76281494,-0.029927395,-0.50781906,1.3526175,0.7033228,34.09686,0.3441377,5.2055044,2.3958626,0.9813776,11.29006,-4.8493686,-2.2473645,-14.946235,24.118269,0.0025496145,0.0039212676,0.18977162,1.8638574,1.7087063,0.20523809,0.22487286,0.35904762,0.49678877,-10.67075,voice_recordings,free_speech.wav,Trust-UBA-V2/dataset/28/voice_recordings/free_speech.wav,0.45462640654092124
0 days,0 days 00:00:26.709375,32.927895,0.12526082,30.361511,32.42314,35.671936,5.310425,242.9375,677.3214,93.81482,89.5769,0.3225081,0.9147729,0.063656494,0.24086438,0.54863477,0.48497826,6.351525,4.0662365,3.8700502,2.879021,0.1420032,1.1407346,29.282242,0.48590398,11.531054,1.2872244,-0.22891288,-78.5495,10.974625,1.2635479,0.028208982,2.317494,1.1162121,0.8683444,8.680504,0.33139843,7.0122137,1.70607,34.47903,0.38439134,708.87115,0.2874718,1395.1296,0.17773487,-110.47104,-0.8143419,1759.1576,0.12752251,1060.7805,0.28009623,-112.94556,-0.742959,2950.7441,0.07375356,946.4228,0.33737463,-119.76188,-0.6439032,-20.899445,-0.5122535,36.989662,0.2676022,0.027231447,1.0546277,-0.022316253,-0.82501554,0.23091215,0.6805103,38.11555,0.28660524,15.860413,0.9745862,1.977855,11.415471,8.033528,2.0451562,-9.304726,22.048754,0.014857347,0.006522834,0.05063484,2.2105658,1.876877,0.2628,0.20270213,0.27622223,0.4803207,-26.313467,voice_recordings,free_speech.wav,Trust-UBA-V2/dataset/55/voice_recordings/free_speech.wav,0.6923427924249267
0 days,0 days 00:00:35.498687500,24.1003,0.31564307,20.127703,21.76302,25.880676,5.7529736,124.6629,160.56824,324.75803,606.0775,0.23520502,1.2248797,0.023138188,0.06527866,0.4773,0.4541618,6.0192895,3.37396,4.605004,3.171019,0.11146125,1.5106729,18.239931,0.851009,10.492804,0.851731,16.71749,0.91052216,1.9429291,6.8994503,0.021695385,0.8736725,1.3642595,0.6880917,3.57696,0.71891016,-0.21339707,-35.344936,22.10312,0.70249534,592.151,0.37598002,1300.4958,0.24582946,-160.44928,-0.4871267,1712.0739,0.16037306,957.7053,0.35730994,-162.46689,-0.4438591,2750.1318,0.12349412,953.8587,0.26823473,-162.68741,-0.44029406,-17.256647,-0.5637943,23.137085,0.5006881,0.046652075,0.44179988,-0.040784076,-0.4624833,0.30158657,0.64119804,32.09176,0.48531005,12.278239,0.9316864,20.580353,0.8535112,-8.183119,-1.9071522,-9.188325,15.860089,0.021551281,0.0035959107,0.061442588,2.113867,1.4112334,0.1388,0.15109785,0.53882354,0.8190325,-28.371183,voice_recordings,free_speech.wav,Trust-UBA-V2/dataset/15/voice_recordings/free_speech.wav,0.5449225146044389
0 days,0 days 00:00:37.632000,31.85548,0.10140224,29.942924,31.12417,33.7817,3.8387756,142.79193,187.37196,74.35958,115.47255,0.27236536,1.0443143,0.05388843,0.10822563,0.51892805,0.4650396,7.19069,4.966358,5.0247707,3.875194,0.10884061,1.3712708,26.716291,0.5705759,12.545237,0.8577699,10.603355,1.5612817,-11.250304,-1.4233946,0.025863174,2.1273236,1.0542154,0.9960557,8.486152,0.34189227,5.881901,1.5958668,36.490753,0.3277381,600.1013,0.29701275,1351.7892,0.13395081,-125.699135,-0.7302471,1681.9489,0.15265124,1054.0249,0.28843287,-131.9073,-0.6203168,2842.6233,0.07546909,869.6897,0.37246382,-135.04678,-0.57623553,-20.676008,-0.41367722,32.78645,0.3400007,0.046139985,0.56115156,-0.028780343,-0.68500876,0.22359258,0.71991533,41.43411,0.2629586,15.157127,0.8860654,15.261442,1.4777058,-20.10355,-0.9633185,-10.956393,18.777136,0.0195475,0.0002162775,0.031070942,2.1796918,1.463934,0.2672727,0.20707883,0.39545456,0.5697904,-27.025753,voice_recordings,free_speech.wav,Trust-UBA-V2/dataset/70/voice_recordings/free_speech.wav,0.5707917643092386
0 days,0 days 00:00:37.546687500,33.197243,0.11426172,31.3892,32.45639,35.392437,4.003237,89.80927,103.30371,188.467,444.81122,0.3794205,0.94955677,0.04982805,0.26820603,0.6804458,0.63061774,8.143143,5.204249,5.29885,3.4312625,0.13751557,1.1560668,23.687916,0.62895805,4.3500676,3.7621837,7.400663,2.126943,3.981587,4.372421,0.01962128,1.8800474,1.1410904,0.6426038,7.4698296,0.41819912,2.8551729,3.7904837,22.61483,0.5263422,676.3102,0.34445733,1401.0792,0.16987358,-117.36646,-0.78780323,1734.033,0.14522494,1090.6163,0.3204411,-116.30758,-0.75530237,2802.079,0.10122586,1042.7612,0.37206262,-118.903076,-0.7155353,-14.355899,-0.65229374,24.267332,0.4524359,0.036423475,0.977646,-0.018296154,-0.9409047,0.24513453,0.6556841,31.141651,0.38189372,4.1143537,4.654152,11.289302,1.5388588,-5.057495,-3.5110939,-9.152183,18.543943,-0.008551233,0.013045445,0.04279152,2.3980815,1.7342583,0.26107693,0.25739,0.3042857,0.440601,-27.30394,voice_recordings,free_speech.wav,Trust-UBA-V2/dataset/51/voice_recordings/free_speech.wav,0.6471953204848638
0 days,0 days 00:00:13.994687500,36.379738,0.07291752,33.863068,36.800007,38.99969,5.1366234,17.813307,6.2327695,42.788185,43.948215,0.20248497,1.4149417,0.07831983,0.08955966,0.17627618,0.097956344,5.739767,4.041652,3.713054,2.4347749,0.052753363,2.1310377,16.41638,0.58709276,6.190624,1.5890253,-6.071003,-1.5704039,-8.282962,-1.2955369,0.015089868,1.0189368,1.1387045,0.7438476,8.909838,0.3661728,2.703763,4.5776896,19.678394,0.58933586,712.768,0.2994915,1414.5537,0.12920776,-172.49762,-0.3812218,1687.9976,0.14745003,1109.4135,0.28462216,-171.30872,-0.38048008,2844.3267,0.07647255,823.9581,0.46456623,-172.53667,-0.3614381,-13.290383,-0.80980515,23.256012,0.53066015,0.051415026,0.4677048,-0.013761589,-0.9404123,0.23720261,0.7541919,21.71914,0.6205772,11.875328,1.2134776,0.34237966,50.34528,-19.365734,-0.94008714,-7.6281586,15.756943,0.039602354,0.0017250143,0.01606982,0.7153076,0.6460876,0.2488889,0.15242079,1.2766666,1.4669772,-31.046501,voice_recordings,free_speech.wav,Trust-UBA-V2/dataset/74/voice_recordings/free_speech.wav,0.23666228998633404
0 days,0 days 00:00:24.576000,29.91486,0.11956747,29.298355,30.336264,31.952984,2.6546288,379.7832,626.36456,48.439575,49.381184,0.31020454,0.8607281,0.114276506,0.18357125,0.502173,0.3878965,5.798028,6.75609,3.3536525,3.4341493,0.12508914,1.4146152,26.449438,0.47103548,10.455813,0.9266885,-0.2629508,-45.288895,-10.596611,-1.1720581,0.018581199,2.4419556,0.9931109,0.84515405,7.6900463,0.41748348,1.2064621,7.7386303,38.212185,0.22976707,675.6837,0.24789006,1444.0763,0.1321047,-118.31877,-0.8070172,1767.1111,0.12385032,1203.1704,0.24293946,-125.68714,-0.679831,2885.5498,0.07187412,940.7589,0.30103347,-128.51471,-0.63853353,-24.01202,-0.30593386,36.529877,0.21053526,0.071277395,0.27788287,-0.033270486,-0.5590335,0.21456468,0.69380534,38.6735,0.18852021,16.548058,0.6172631,1.9258004,8.687373,-17.908361,-0.7729896,-8.415789,17.765066,0.034111906,0.00064581906,0.059770443,1.5472313,1.5503876,0.26447368,0.22152221,0.36945945,0.631142,-26.358038,voice_recordings,free_speech.wav,Trust-UBA-V2/dataset/2/voice_recordings/free_speech.wav,0.6079117022494055
0 days,0 days 00:00:16.469375,25.37803,0.42187235,19.924833,21.43772,24.839859,4.9150257,530.4656,1114.8892,178.02495,123.91104,0.35858423,1.203984,0.03035621,0.1500023,0.70199955,0.6716433,11.051354,8.144318,7.8805313,7.038811,0.1450226,1.4260468,13.393476,1.2333666,2.1162562,6.261673,32.350937,0.60548735,-22.408798,-0.88910264,0.023261024,1.0594172,1.5950598,0.5991396,2.5725951,1.1903585,4.767615,1.5460875,15.724138,0.92316747,678.5337,0.34327406,1240.8337,0.28393823,-153.2472,-0.5328816,1773.7177,0.14590369,886.42664,0.3307724,-152.94865,-0.511984,2791.3162,0.11553148,856.54517,0.50632745,-151.551,-0.52737725,-7.9504123,-1.6416216,11.688047,1.0613561,0.030668028,0.8238664,-0.022117969,-1.2282121,0.2708472,0.78011644,26.292097,0.6911177,1.161351,12.096198,41.435276,0.3474978,-33.96068,-0.58529675,-1.0049726,5.4961624,0.024882233,0.0097432295,0.103222646,2.431611,2.1380575,0.11057143,0.089313015,0.3275,0.36303023,-28.054928,voice_recordings,free_speech.wav,Trust-UBA-V2/dataset/27/voice_recordings/free_speech.wav,0.6608654732855425
0 days,0 days 00:00:18.688000,31.846441,0.10648124,30.268478,30.92772,32.621815,2.3533363,256.26935,369.94672,114.134415,141.7544,0.33877605,1.0841569,0.024560105,0.17058475,0.7223072,0.6977471,7.3937016,4.2273,5.5202208,2.906492,0.09332085,1.1726459,25.068918,0.75011814,2.017791,7.25412,9.220334,1.8077928,-4.214386,-3.418819,0.016696962,1.4512018,1.013558,0.92099553,8.338702,0.3548713,5.0723896,1.6846424,26.33776,0.45158,613.4985,0.30572355,1444.0106,0.15975465,-104.27352,-0.9169299,1657.0713,0.14217861,1070.6427,0.34272242,-106.92534,-0.8358595,2748.0957,0.09951359,899.0016,0.36814532,-111.09354,-0.7678071,-14.730006,-0.535637,26.105005,0.37464657,0.05810537,0.3155648,-0.01895892,-0.78367925,0.16861057,0.5984357,40.390007,0.26667884,-3.0880158,-5.67451,12.9002905,1.6194011,-11.355141,-1.3636501,-6.841775,15.641524,0.018571742,0.018399423,0.014593628,2.4638457,1.6111709,0.309,0.2745584,0.33423075,0.9341848,-28.366224,voice_recordings,free_speech.wav,Trust-UBA-V2/dataset/56/voice_recordings/free_speech.wav,0.6055242853846231
0 days,0 days 00:00:08.618687500,27.697136,0.31147248,23.80761,25.403173,27.517675,3.7100658,365.06085,347.06747,86.98185,116.93244,0.33043104,1.3774263,0.0017471458,0.029401544,0.64216554,0.6404184,8.799905,7.744005,8.580896,6.7049828,0.11044609,1.5728434,12.774455,1.4572054,7.4733205,1.9976919,18.058723,1.1751727,-3.8688502,-5.8167424,0.013335486,1.0700167,1.2148519,0.88202834,5.0631504,0.5349925,6.8455343,0.98076993,19.816376,0.53348285,593.8143,0.30439413,1296.1425,0.21823195,-132.78679,-0.6829509,1678.3728,0.13384502,904.93713,0.3612597,-133.8311,-0.6478509,2682.0789,0.09137761,914.9277,0.26670352,-132.82256,-0.6553077,-9.540674,-1.1589183,15.832333,0.5954419,0.023008052,0.92552716,-0.029256402,-0.7013598,0.2440314,0.77817035,25.989601,0.7528942,3.2715697,4.0174417,33.328995,0.635829,-22.876846,-0.8817494,-6.3759794,16.693405,0.04867763,0.036873583,0.04683329,2.0930233,1.754386,0.19666666,0.16643986,0.34933335,0.5322088,-28.093168,voice_recordings,free_speech.wav,Trust-UBA-V2/dataset/63/voice_recordings/free_speech.wav,0.5941347952834704
0 days,0 days 00:00:49.412125,24.055481,0.18698339,21.66397,22.993658,25.55424,3.8902683,100.25332,113.67475,116.53153,133.0596,0.38827386,0.9105806,0.081075385,0.30542296,0.60693187,0.5258565,8.856696,7.026474,6.2188215,5.376766,0.21446337,1.342305,21.967249,0.8888682,16.665182,0.9190761,9.418592,1.83785,0.96732527,13.292419,0.019432358,1.6457608,1.2467335,0.8953877,5.0833707,0.485833,7.0492444,1.2087467,36.136593,0.33830526,599.06506,0.31243703,1367.2338,0.16395451,-106.12665,-0.87515116,1733.0979,0.14118145,1150.2798,0.31503457,-116.024055,-0.7068908,2784.1265,0.089959465,1033.5599,0.35193717,-117.39501,-0.68529195,-25.660223,-0.37190226,33.78807,0.30868158,0.012159584,2.5080466,-0.033547934,-0.5995939,0.34160295,0.9428808,37.095524,0.2876709,24.8153,0.5803754,14.239909,1.4057958,3.033373,4.6858726,-5.5005226,12.272218,0.020836001,0.0017907246,0.08789812,2.3279352,2.147923,0.2226415,0.19409345,0.22854368,0.39260495,-22.542238,voice_recordings,free_speech.wav,Trust-UBA-V2/dataset/3/voice_recordings/free_speech.wav,0.7681525133665489
0 days,0 days 00:00:30.293375,34.866665,0.12666892,33.66478,35.12393,36.584053,2.9192734,243.59953,517.62085,272.2015,532.312,0.4749338,0.88737506,0.06665235,0.39347237,0.8347317,0.76807934,7.225129,4.849724,5.5132556,3.8808842,0.12589276,1.0601829,21.76883,0.5733786,2.3786974,6.2825418,10.698619,1.6637136,-0.8817366,-23.814379,0.013509421,1.8463227,0.8674338,0.93523484,9.650248,0.36388436,4.6007094,2.8230083,15.698085,0.6227017,736.55286,0.29621843,1355.6998,0.20111552,-99.043,-0.91420716,1747.6115,0.13113883,1014.38354,0.39037773,-98.34308,-0.883356,2813.4443,0.083644725,882.54865,0.446011,-100.69757,-0.83902407,-11.35775,-0.7355295,22.332674,0.43113312,0.024831831,1.322595,-0.01502887,-1.1032753,0.19180124,0.71335953,26.809965,0.4028421,1.8728647,9.248654,12.063227,1.7233775,-9.113314,-2.443289,-9.160508,19.8163,-0.02231891,0.015189463,0.038992994,2.0145311,1.6556292,0.33400002,0.27832356,0.23377359,0.37194148,-25.960482,voice_recordings,free_speech.wav,Trust-UBA-V2/dataset/83/voice_recordings/free_speech.wav,0.7403614246543688
0 days,0 days 00:00:19.626687500,34.22159,0.09742522,31.745214,33.488113,36.777256,5.0320415,114.25297,201.84935,95.7134,88.876976,0.2608247,1.220785,0.025180263,0.09149831,0.5147293,0.48954907,6.2229314,3.866846,4.2011647,2.5991077,0.10978561,1.5483961,26.472202,0.6255069,8.532829,1.3787131,1.9103463,9.113245,-9.909605,-2.0753925,0.0228802,2.7879677,1.1375295,0.96009934,8.619769,0.39573967,1.3917667,6.869191,32.79445,0.30702144,673.54205,0.24520281,1381.7139,0.1281591,-123.96831,-0.7562228,1766.9529,0.15742205,1046.2277,0.3172028,-126.07485,-0.68413603,2888.44,0.094245024,943.2293,0.32930908,-129.57964,-0.6331947,-19.49547,-0.35506558,31.925203,0.26096436,0.06551356,0.37481603,-0.04204147,-0.40807128,0.23811209,0.8178084,41.377438,0.24963093,7.2924066,1.9530504,-0.966454,-24.318632,-27.324455,-0.57265544,-11.785307,21.972029,0.0009044054,0.0117218625,0.017731437,2.0397758,1.4314929,0.28357142,0.2474616,0.4404,0.5418227,-27.283863,voice_recordings,free_speech.wav,Trust-UBA-V2/dataset/26/voice_recordings/free_speech.wav,0.5790093813888022
0 days,0 days 00:00:28.160000,24.013184,0.22242573,21.567429,22.77449,25.227188,3.6597595,305.4717,413.35745,94.022255,103.63459,0.29541638,1.0520047,0.075672574,0.14104234,0.5129447,0.43727213,6.464545,4.919812,5.3188243,4.879994,0.10824768,1.3915147,15.514804,0.9117659,14.703828,0.8170898,16.927141,1.1274148,8.373352,1.8614718,0.02151371,1.487907,1.4474676,0.63299936,3.608172,0.5570259,4.7704954,2.648679,21.827394,0.6458384,576.164,0.4221464,1230.9795,0.21425089,-143.6188,-0.5978646,1634.4153,0.16992995,851.0342,0.42207626,-145.70029,-0.5568524,2693.3977,0.11350072,879.8242,0.3310815,-145.72743,-0.5557091,-12.644496,-0.6827285,20.789711,0.51839674,-0.0008808127,-31.110353,-0.00988,-2.222606,0.18872826,0.87147564,25.859575,0.5294547,10.317603,1.4640439,22.57496,1.1961524,0.72197866,27.405733,-16.252022,25.216885,-0.044983674,0.0074905152,0.07392153,2.2735348,1.8149468,0.15647058,0.1435929,0.37411764,0.4920911,-30.12049,voice_recordings,free_speech.wav,Trust-UBA-V2/dataset/14/voice_recordings/free_speech.wav,0.6063933913205596
0 days,0 days 00:00:21.418687500,21.0852,0.25885198,18.851454,20.179659,21.67585,2.8243961,49.092537,58.00089,92.85596,116.614624,0.40451133,1.107814,0.04713544,0.22312891,0.76414645,0.71701103,7.978556,4.9373393,5.7857785,4.0892863,0.15447122,1.1942141,21.471031,0.71274054,9.612422,1.3865194,7.410378,2.2901993,8.906597,1.3469152,0.014519781,1.160678,1.0471058,0.8702519,3.628959,0.4804545,0.10746153,77.21863,20.944386,0.53962827,581.8601,0.3998523,1295.7324,0.20078015,-128.66675,-0.72533345,1630.6257,0.17179516,918.908,0.32857457,-131.40195,-0.6732032,2675.9849,0.113806054,849.6406,0.3945205,-133.10503,-0.6476311,-11.495971,-0.76885563,21.245607,0.4040111,0.023223786,0.99704134,-0.0060255467,-3.0004113,0.28014308,0.6627247,29.231976,0.4239533,7.777873,2.093607,13.173038,1.6585805,8.362681,1.5728357,-9.874592,20.471748,0.0030491576,0.011037408,0.08273098,2.2429907,1.6401124,0.21285714,0.16514185,0.3644444,0.44992247,-25.588552,voice_recordings,free_speech.wav,Trust-UBA-V2/dataset/50/voice_recordings/free_speech.wav,0.6454195822560972
0 days,0 days 00:00:13.141375,28.966934,0.29152426,19.049042,31.348389,34.762386,15.713345,534.8835,737.4297,108.91291,124.35773,0.14408188,1.1262962,0.031674676,0.067393385,0.22866341,0.19698873,3.626659,2.9906547,1.6618283,1.8945076,0.05890425,1.4068506,33.345577,0.31567758,22.471926,0.47833088,15.771305,0.76987,3.912414,4.302284,0.028004361,3.011967,1.2805362,0.629874,3.967059,1.0357444,-9.712217,-4.4945273,26.613472,1.5345466,624.78,0.22985893,1310.8711,0.15843101,-142.04002,-0.60017973,1749.6462,0.115154415,1086.8469,0.2824769,-148.17644,-0.51076025,2953.221,0.08755447,1129.9473,0.23307487,-153.07387,-0.44818255,-25.683294,-0.3031367,31.641994,0.322773,-0.009686233,-2.789798,-0.036490858,-0.42826155,0.12327635,0.79271275,44.153378,0.14216922,18.636974,0.8076129,7.542829,2.0616329,-13.19679,-1.1562068,-36.430153,45.918163,-0.07123356,-0.0059697744,0.030719582,1.5232292,1.6819572,0.17863636,0.16282438,0.48055556,0.6111598,-31.458788,voice_recordings,free_speech.wav,Trust-UBA-V2/dataset/1/voice_recordings/free_speech.wav,0.5369326693966071
0 days,0 days 00:00:21.589375,26.34854,0.1474602,24.356916,25.438288,28.196646,3.8397293,117.16372,104.88445,71.0794,105.05495,0.24971183,1.3559899,0.035599034,0.049339067,0.47441277,0.43881375,9.295861,6.305998,5.208791,3.8969758,0.10832604,1.7463378,23.558342,0.8493023,8.4800825,1.3593308,2.7778144,5.428414,-6.8744884,-1.4666708,0.021170275,1.8939172,1.1568217,0.8749621,5.8432374,0.45878896,4.956402,1.6319221,30.598778,0.3844397,591.6941,0.32139978,1349.1012,0.13680181,-133.8254,-0.6690022,1676.0936,0.18242802,1051.333,0.28908756,-138.00928,-0.60013705,2793.6614,0.108245656,982.8204,0.3627716,-141.23416,-0.5542843,-19.391338,-0.39306742,30.890598,0.31669953,0.036716983,0.6496016,-0.037430476,-0.52165633,0.26237747,0.8577363,46.65361,0.23392539,6.4439225,2.484013,7.129728,3.0477462,-7.0282974,-2.0066576,-8.365107,15.790182,0.041883893,0.00073977327,0.023681868,1.7617061,1.626394,0.20942858,0.16311158,0.38485712,0.6095449,-26.790312,voice_recordings,free_speech.wav,Trust-UBA-V2/dataset/44/voice_recordings/free_speech.wav,0.5096966380935011
0 days,0 days 00:00:10.240000,26.400167,0.23928249,23.269169,24.304596,29.123344,5.8541756,208.48555,205.66698,236.99712,234.82884,0.48691016,1.3448563,0.018692113,0.14130981,0.9938644,0.9751723,14.008733,10.231183,11.32745,6.5882573,0.24870339,1.5447278,16.852772,1.0180541,-0.35133457,-36.579624,16.110193,1.0479183,-0.48718822,-32.566936,0.031395633,1.8689967,1.3262643,0.69404715,3.851001,0.66459584,5.156726,1.50846,18.392693,0.5668481,628.3827,0.4608657,1230.1061,0.16533199,-146.26598,-0.5697409,1698.0927,0.19359349,960.8129,0.41043103,-146.93697,-0.54367626,2695.9053,0.118248545,950.4442,0.31634513,-147.16832,-0.54020655,-11.446053,-0.7328263,19.000277,0.53242517,0.02961422,0.97840613,-0.021501716,-0.8246412,0.6291482,0.7025401,32.506363,0.4539751,-5.0167165,-3.0928087,22.349464,0.8317036,-7.3760366,-2.3718355,-5.4691463,12.507392,0.03889002,0.02292999,0.115586326,1.9550343,2.2593322,0.12,0.094085984,0.315,0.4671261,-21.663641,voice_recordings,free_speech.wav,Trust-UBA-V2/dataset/58/voice_recordings/free_speech.wav,0.6175818944207423
0 days,0 days 00:00:04.778687500,36.877975,0.12640081,34.492157,36.1432,40.07661,5.5844536,247.61021,203.56505,53.92392,60.132416,0.27437472,1.4834996,0.024843037,0.04323654,0.5437538,0.51891077,11.349849,7.0004454,9.132359,5.975569,0.13437523,1.8938596,22.242939,0.64120674,3.2101235,3.198463,3.4682174,3.7702458,-3.2910798,-3.8325982,0.014570297,1.2409904,1.058234,0.9918063,9.210611,0.5150102,6.8560038,1.6956635,27.953936,0.48039144,694.0316,0.32695076,1348.1683,0.23438385,-154.9647,-0.5088708,1735.813,0.14032196,1140.7751,0.28623182,-152.30006,-0.49869984,2806.989,0.09110462,933.9923,0.34598264,-154.29056,-0.47143677,-14.397455,-0.7705761,26.964851,0.5315913,0.062142402,0.34226403,-0.022101922,-0.8726951,0.3928098,0.85259604,30.376348,0.57945406,3.126891,4.602252,0.7415656,26.963575,-16.183731,-0.809684,-9.795159,18.266596,0.026011812,0.00798416,0.038146596,2.5210085,1.910828,0.13333333,0.11737878,0.36777776,0.6107878,-25.34271,voice_recordings,free_speech.wav,Trust-UBA-V2/dataset/52/voice_recordings/free_speech.wav,0.4143451306599702
0 days,0 days 00:00:16.725375,30.790518,0.18326408,30.468311,32.753204,33.769638,3.3013268,123.28164,110.11945,84.48455,69.59078,0.4236989,0.92674756,0.07133353,0.30488873,0.7073722,0.63603866,7.7495885,5.732638,5.5700603,4.506986,0.17621595,1.107646,24.7189,0.7547136,6.071961,2.366352,10.622821,1.6835666,0.21711664,81.482895,0.026514191,2.2807071,1.0517588,0.8497226,7.4059663,0.52482563,8.164004,0.9886784,30.266527,0.41372675,708.9407,0.30534318,1399.5289,0.22633313,-110.57842,-0.85039526,1745.3302,0.15210366,1124.3597,0.29494748,-115.185165,-0.74897933,2855.5146,0.09767156,954.8773,0.36850905,-118.69659,-0.69569993,-17.019436,-0.53334755,30.07828,0.37051338,0.020273814,1.3007058,-0.021102391,-1.0031314,0.27965128,0.7010281,38.90153,0.30364534,7.9341073,2.0797157,9.995865,2.1748898,-6.195756,-3.178751,-9.823365,19.404016,-0.019371929,0.01154615,0.07991126,2.2740874,1.8007203,0.26,0.20765355,0.27466667,0.36923102,-24.214724,voice_recordings,free_speech.wav,Trust-UBA-V2/dataset/41/voice_recordings/free_speech.wav,0.6837540404700958
0 days,0 days 00:00:29.098687500,22.849073,0.25674334,20.143776,21.138302,24.298777,4.1550007,696.77057,1242.6066,135.79303,274.96762,0.34019628,0.9776453,0.053706497,0.22236748,0.6265479,0.5728414,7.3987465,5.478979,5.3006644,3.7109196,0.117468685,1.1207993,19.483934,0.740527,9.399127,1.2567476,14.515594,1.1841,5.9250484,2.2389624,0.020468244,2.0897872,1.2486329,0.65598255,3.996964,0.5283955,11.093236,0.9964454,28.932589,0.49311507,644.97925,0.4174674,1301.1702,0.21351305,-132.16185,-0.67539483,1687.5132,0.17077045,1000.26825,0.30489805,-133.96321,-0.6353144,2755.3904,0.12585182,1000.78424,0.29899958,-135.66418,-0.61006355,-14.434168,-0.655721,24.894108,0.45924276,0.0043851975,5.901951,-0.008806364,-1.7619095,0.21234646,0.5816341,26.352058,0.48321158,13.463404,0.8785628,17.824608,1.1658338,4.0248384,3.6306262,-8.418174,17.62901,-0.0010725652,0.011259956,0.063156255,2.303989,1.9979333,0.17344828,0.17205201,0.3016949,0.36432502,-28.491787,voice_recordings,free_speech.wav,Trust-UBA-V2/dataset/62/voice_recordings/free_speech.wav,0.6458037106564314
0 days,0 days 00:00:10.752000,33.49163,0.12629814,30.221497,32.134705,36.927513,6.7060165,46.61452,58.66505,112.23417,149.17801,0.51902986,0.9956159,0.03162292,0.39303935,0.9647927,0.9331698,8.292467,5.3972435,6.8671293,3.8831897,0.1826873,1.1707543,17.989212,0.7779872,4.09883,3.990544,11.850649,1.6996956,-10.233024,-2.299964,0.014871123,1.5750946,1.1388049,0.8350044,7.148855,0.48764846,2.0919888,4.711671,15.966984,0.64710534,661.23425,0.34317532,1363.7777,0.19114794,-109.17831,-0.8582681,1696.5306,0.13959135,1092.8475,0.39292094,-107.46629,-0.8293998,2738.838,0.11279362,1023.04895,0.5086489,-108.62753,-0.8091866,-8.5946865,-0.855602,17.053164,0.52549005,0.041767083,0.61488867,-0.018779717,-0.8638113,0.29943234,0.69822574,26.337147,0.41675442,-3.516134,-4.5857873,16.589624,1.4307628,-25.139381,-0.813593,-9.003055,18.363152,-0.00582449,0.012703667,0.06289724,2.886406,1.8709074,0.2625,0.1497957,0.23952381,0.3710022,-25.694103,voice_recordings,free_speech.wav,Trust-UBA-V2/dataset/5/voice_recordings/free_speech.wav,0.6863879184565572
0 days,0 days 00:00:15.786687500,25.304708,0.13325182,23.492327,25.043402,26.441175,2.9488487,113.70895,132.87534,79.87122,96.379684,0.22815944,1.4408671,0.042144936,0.054852057,0.45126605,0.40912113,6.327341,4.971515,4.0988374,3.457947,0.08066977,1.7681121,22.826025,0.4160061,6.5337,1.556228,13.511022,0.6915426,-7.766436,-1.5183781,0.02214774,2.2814753,1.3938035,0.63781273,4.028689,0.564331,7.780176,1.4912906,23.501875,0.4729189,698.2625,0.34470475,1305.2589,0.17962389,-151.09123,-0.55858594,1758.0186,0.16487828,986.3508,0.2660796,-151.66591,-0.53510755,2799.4666,0.12688117,957.20935,0.28270692,-153.04726,-0.5150749,-14.238896,-0.3742343,22.398567,0.28912914,0.04756218,0.55563337,-0.023109531,-0.82245815,0.25838748,0.6598166,32.079174,0.29548088,0.07951146,169.69495,13.884279,0.983969,-14.656656,-1.0586128,-11.391267,17.265085,0.058673166,0.0066309837,0.018460982,1.2048193,1.081425,0.22999999,0.19439195,0.6344444,0.89566994,-29.669037,voice_recordings,free_speech.wav,Trust-UBA-V2/dataset/64/voice_recordings/free_speech.wav,0.347382673624033
0 days,0 days 00:00:30.743250,33.835876,0.19051954,31.238846,32.725147,37.03575,5.7969055,181.10406,247.00856,140.7029,173.04922,0.5017437,0.8262666,0.092537716,0.40078306,0.84229004,0.74975234,8.6789465,5.6266685,6.3023677,4.069232,0.19015999,1.2271034,21.30353,1.0428618,6.722569,2.1952186,-1.5632261,-12.905041,-9.260696,-2.1798902,0.025699245,2.3673337,1.0806979,0.9502487,8.36252,0.47653145,1.9364451,4.8487716,27.862043,0.50537384,669.16534,0.3103369,1374.6311,0.19955145,-94.01976,-0.998669,1720.5485,0.16988376,1080.4928,0.34357235,-97.17321,-0.88827646,2853.558,0.08300386,923.32153,0.38086382,-101.45105,-0.8141752,-13.686841,-0.8188356,28.027512,0.50248224,0.057271697,0.46095616,-0.025466671,-0.7719919,0.27225554,0.9217315,32.049713,0.57422715,9.958145,1.5306197,-0.8021445,-29.880507,-17.287384,-1.1657777,-1.2796099,10.273147,0.03134833,0.0108247325,0.07932865,2.928734,2.2164278,0.25044116,0.19975303,0.18830769,0.31824312,-23.602726,voice_recordings,free_speech.wav,Trust-UBA-V2/dataset/4/voice_recordings/free_speech.wav,0.8118871863888545
0 days,0 days 00:00:18.773375,32.365337,0.11184903,29.628246,31.599243,34.437576,4.80933,54.14774,68.27338,131.34273,396.2322,0.36743885,1.037205,0.022720026,0.2702101,0.66374326,0.6410232,7.8909492,4.9896145,4.562433,3.2059934,0.15443587,1.35236,27.98989,0.69746506,8.53303,1.9145479,13.502819,1.2341529,-7.602774,-2.3758578,0.018435596,1.5702333,0.92678344,0.9601759,8.686851,0.32395336,6.813168,1.4218642,29.245567,0.40715766,654.7003,0.3000448,1356.0029,0.1580465,-96.21304,-0.95712346,1754.3698,0.15374394,1068.1913,0.38784048,-102.31493,-0.8253529,2825.0837,0.086453006,954.6116,0.35748973,-104.763916,-0.78391814,-20.551235,-0.44877535,29.765804,0.33102655,0.050330773,0.54590434,-0.032728374,-0.5323616,0.2404344,0.97459674,41.22004,0.22334522,5.440195,3.3823762,17.29074,1.0629342,-15.938171,-1.1049355,-10.695862,19.693743,0.0155196125,0.012772963,0.043983508,1.9189765,1.9241048,0.28388888,0.23437005,0.2339394,0.38327885,-25.016819,voice_recordings,free_speech.wav,Trust-UBA-V2/dataset/18/voice_recordings/free_speech.wav,0.7440349165870435
0 days,0 days 00:00:23.552000,31.150621,0.15844415,30.441101,31.87857,34.366596,3.9254951,204.61876,235.48668,234.13872,478.76437,0.3036524,1.1027591,0.043645643,0.16535094,0.51831675,0.4746711,7.7632813,5.620897,4.62039,3.6568866,0.111354046,1.3182936,23.385033,0.7613454,5.9163737,2.6479743,1.2271198,15.724874,3.0650406,5.6233187,0.029909767,1.9768993,1.1063938,0.8438639,7.382781,0.5301776,4.377227,1.7137984,27.403667,0.5319758,776.9342,0.26337934,1327.7726,0.1745266,-118.53408,-0.7614712,1793.6144,0.160419,1100.7042,0.31352058,-120.49476,-0.7149213,2913.8735,0.096324466,966.95026,0.27116397,-125.83947,-0.63771266,-16.374294,-0.72611547,33.313267,0.35967132,0.021911792,1.779046,-0.010563372,-1.9285944,0.20489195,0.8130265,38.60987,0.2865177,5.303209,3.6968772,4.494921,5.075129,-1.7073425,-12.778642,-5.897002,15.8925085,0.014703307,0.016526718,0.03319448,2.0390825,1.532567,0.28777778,0.2144905,0.36382353,0.62807834,-28.001755,voice_recordings,free_speech.wav,Trust-UBA-V2/dataset/25/voice_recordings/free_speech.wav,0.5772773471396992
0 days,0 days 00:00:08.960000,36.5136,0.12846424,34.62886,35.467197,37.777508,3.1486473,515.6686,732.83264,154.41643,185.99199,0.20436423,1.3040516,0.011373742,0.055204134,0.40194887,0.39057514,6.9315267,4.4400887,5.234876,4.1865487,0.09292006,1.4677494,27.255,0.7165982,7.6873045,1.8171802,3.3953586,5.001354,-14.001956,-1.3498576,0.01859179,2.0867953,1.2602136,0.9576802,9.402564,0.35404035,3.6469965,2.755956,37.27027,0.412684,770.13495,0.21439956,1315.4257,0.16556045,-125.06361,-0.7197127,1865.0222,0.13073857,1080.2102,0.2942197,-132.0583,-0.59768456,2988.4636,0.07943042,984.22906,0.39162168,-135.56056,-0.5518045,-19.713167,-0.5730919,34.89986,0.44956866,0.07442911,0.2895686,-0.031202361,-0.63423014,0.18130074,0.8642533,43.228493,0.36084527,9.159199,1.8124825,2.5086343,9.076199,-26.794119,-0.74456424,-9.5120125,18.757498,0.07235885,0.016715912,0.033586532,2.3463688,2.3595507,0.16571428,0.1434132,0.22681817,0.32639056,-30.156448,voice_recordings,free_speech.wav,Trust-UBA-V2/dataset/22/voice_recordings/free_speech.wav,0.6629510529509832
0 days,0 days 00:00:04.181375,25.592104,0.2880792,21.818165,24.116066,26.27228,4.454115,186.15486,205.78328,143.64201,184.57552,0.3536841,1.2443863,0.025753113,0.107801445,0.75690436,0.7311512,10.30355,10.005511,7.6193933,5.042976,0.18699592,1.6359414,20.499683,1.0936131,5.300464,2.0733187,5.2316613,3.3483994,2.2818167,5.907862,0.017950773,0.9215095,1.4302064,0.7062999,3.5869212,0.8826853,-0.7476558,-7.2287083,22.317863,0.5549459,566.1446,0.4197297,1265.4646,0.1798668,-119.70499,-0.79921365,1638.5114,0.1802236,923.57086,0.2930771,-121.5791,-0.7355764,2715.1465,0.11635025,964.7238,0.27466476,-124.372154,-0.69208527,-14.155946,-0.6664966,23.830626,0.52951765,0.045458138,0.5355694,-0.027709153,-0.88201964,0.39585337,0.8896545,39.71336,0.4550113,1.1942937,11.445428,6.9448595,3.1038127,-1.9442328,-8.052637,-4.578667,11.460671,0.027337365,0.01764477,0.038531195,2.3980815,2.1844661,0.18444444,0.16398586,0.227,0.3673704,-23.85058,voice_recordings,free_speech.wav,Trust-UBA-V2/dataset/69/voice_recordings/free_speech.wav,0.588332012974395
0 days,0 days 00:00:30.037375,34.822247,0.13007069,33.491547,35.000317,36.94992,3.458374,24.990187,15.420506,386.824,729.0676,0.4084098,1.0800139,0.048150863,0.20910408,0.7925385,0.7443877,8.022738,5.3716645,6.1338787,4.9369187,0.14528254,1.2990007,20.745586,0.6716567,8.208444,1.9855877,9.183056,1.5078686,-5.4126816,-3.618772,0.015456454,1.2194462,0.9168224,0.86640155,9.285748,0.35926577,6.9999413,2.2374225,24.304214,0.6058732,731.253,0.23840952,1356.5833,0.16288315,-113.02539,-0.8116397,1781.7852,0.11273983,1025.7417,0.32650116,-116.65371,-0.734187,2898.8088,0.0754863,811.1593,0.43189162,-119.461655,-0.69122404,-16.319847,-0.5720064,25.806099,0.41352606,0.042616155,0.7321831,-0.02153513,-0.8698138,0.26719597,0.7342583,30.57161,0.35022768,7.6405616,2.7178533,11.947967,1.4216937,-17.140232,-1.177984,-8.53369,16.544004,0.010045519,0.013383426,0.03298168,2.098601,1.5682349,0.29765958,0.26650783,0.34837207,0.531999,-25.365862,voice_recordings,free_speech.wav,Trust-UBA-V2/dataset/20/voice_recordings/free_speech.wav,0.5888675959275651
0 days,0 days 00:00:50.773375,29.973518,0.12580064,28.841139,30.145597,31.973183,3.1320438,185.25888,250.36458,66.20163,115.08051,0.38758928,0.927733,0.10151752,0.2683175,0.6422236,0.5407061,6.850568,5.244734,5.0143123,4.786892,0.13274546,1.283789,19.723942,0.86864424,14.0047035,1.1335329,13.493704,1.4101139,1.626181,12.906898,0.021074802,2.2715268,0.9306746,1.0106637,7.8162913,0.36809167,6.3535147,1.3049628,29.84281,0.4499934,631.301,0.27352384,1333.4554,0.15720324,-105.49034,-0.8953438,1743.8379,0.13511339,958.22156,0.4240052,-113.43835,-0.7560347,2834.3809,0.07714389,838.274,0.39928508,-115.082306,-0.72915006,-18.636173,-0.5350248,27.67156,0.43031406,0.02404345,1.134396,-0.028921835,-0.74448633,0.20555535,0.9181151,33.12957,0.27732155,16.634607,1.1767737,17.732399,1.3010107,-10.193533,-2.1118305,-10.644901,19.365244,-0.024066886,0.00803975,0.060427066,2.029157,1.6367581,0.2954217,0.2573559,0.30234566,0.44130355,-26.414402,voice_recordings,free_speech.wav,Trust-UBA-V2/dataset/79/voice_recordings/free_speech.wav,0.7329047124904446
